{
  "version": "2.0",
  "ppid": 22256,
  "events": [
    {
      "head": {
        "id": "0b48306a-2f5a-4ce9-9806-456b334a5db8",
        "name": "hvigor build process will be closed.",
        "description": "",
        "type": "log"
      },
      "body": {
        "pid": 988,
        "tid": "Main Thread",
        "startTime": 1411121334000
      },
      "additional": {
        "logType": "debug",
        "children": []
      }
    },
    {
      "head": {
        "id": "2b94b70d-69a1-47fe-8549-8f63157bd07e",
        "name": "watch worker: worker id should be larger than 0. Nothing will be sent to any worker thread.",
        "description": "",
        "type": "log"
      },
      "body": {
        "pid": 988,
        "tid": "Main Thread",
        "startTime": 1411126421400
      },
      "additional": {
        "logType": "debug",
        "children": []
      }
    },
    {
      "head": {
        "id": "4322fc89-5c04-4ab0-a5c0-ce2e09575bbc",
        "name": "watch worker: worker id should be larger than 0. Nothing will be sent to any worker thread.",
        "description": "",
        "type": "log"
      },
      "body": {
        "pid": 988,
        "tid": "Main Thread",
        "startTime": 1411126840500
      },
      "additional": {
        "logType": "debug",
        "children": []
      }
    },
    {
      "head": {
        "id": "55b4baac-270d-438c-9c66-36f8fd67a985",
        "name": "watch worker: worker id should be larger than 0. Nothing will be sent to any worker thread.",
        "description": "",
        "type": "log"
      },
      "body": {
        "pid": 988,
        "tid": "Main Thread",
        "startTime": 1603498279600
      },
      "additional": {
        "logType": "debug",
        "children": []
      }
    },
    {
      "head": {
        "id": "9dd0e833-1f8e-44b3-b9b4-6850b30019da",
        "name": "init",
        "description": "Initialize and build task graph.",
        "type": "duration"
      },
      "body": {
        "pid": 988,
        "tid": "Main Thread",
        "startTime": 1603506324400
      },
      "additional": {
        "children": [
          "74e4d122-7d88-4bf2-a4bb-52f25fb5efaa",
          "74ffdfb2-08f9-40bb-ba3a-f9458730adff",
          "60940f58-a51b-4609-b3fb-4409118acd87",
          "dbcc86e8-0b88-49e9-bfd0-d9906e602053",
          "c5982e25-c08c-437e-a504-8793b2630113",
          "59f1a2f7-f846-4c62-8059-c04ecc8d85f7"
        ],
        "state": "running",
        "targetName": "",
        "moduleName": "",
        "category": "Init",
        "taskRunReasons": []
      },
      "log": {
        "_logger": {
          "category": "DurationEvent",
          "context": {},
          "callStackSkipIndex": 0
        },
        "_filelogger": {
          "category": "debug-file",
          "context": {},
          "callStackSkipIndex": 0
        },
        "anonymizeFileLogger": {
          "fileLogger": {
            "category": "debug-file",
            "context": {},
            "callStackSkipIndex": 0
          }
        }
      }
    },
    {
      "head": {
        "id": "74e4d122-7d88-4bf2-a4bb-52f25fb5efaa",
        "name": "create hvigor project model",
        "description": "Initialize hvigor project model.",
        "type": "duration"
      },
      "body": {
        "pid": 988,
        "tid": "Main Thread",
        "startTime": 1603506325700,
        "endTime": 1603516752700
      },
      "additional": {
        "children": [],
        "state": "success",
        "targetName": "",
        "moduleName": "",
        "category": "",
        "taskRunReasons": [],
        "parent": "9dd0e833-1f8e-44b3-b9b4-6850b30019da",
        "logId": "e4462359-59bb-4067-b944-fed491eaaf82"
      },
      "log": {
        "_logger": {
          "category": "DurationEvent",
          "context": {},
          "callStackSkipIndex": 0
        },
        "_filelogger": {
          "category": "debug-file",
          "context": {},
          "callStackSkipIndex": 0
        },
        "anonymizeFileLogger": {
          "fileLogger": {
            "category": "debug-file",
            "context": {},
            "callStackSkipIndex": 0
          }
        }
      }
    },
    {
      "head": {
        "id": "74ffdfb2-08f9-40bb-ba3a-f9458730adff",
        "name": "configure hvigor plugin",
        "description": "Configure hvigor plugin.",
        "type": "duration"
      },
      "body": {
        "pid": 988,
        "tid": "Main Thread",
        "startTime": 1603516763500
      },
      "additional": {
        "children": [
          "c7d7525c-f27c-4341-9bbd-8efb5a3b6fdf",
          "a4efff23-0a4b-490d-aa61-16df47be4113",
          "3035f02b-9674-4f71-ab7f-49bf7de8a6af",
          "ced90e04-f0eb-45c6-877e-4c0091d7336b",
          "a8ce5d14-2d61-4de9-9903-56d3d9deb9b7",
          "285bcda3-2b66-42dc-aaab-320264633f27",
          "d1ef4244-bad2-4fce-92dc-76450549c769",
          "ff028ff9-b48f-4f2f-a68b-281660aa274b"
        ],
        "state": "running",
        "targetName": "",
        "moduleName": "",
        "category": "",
        "taskRunReasons": [],
        "parent": "9dd0e833-1f8e-44b3-b9b4-6850b30019da"
      },
      "log": {
        "_logger": {
          "category": "DurationEvent",
          "context": {},
          "callStackSkipIndex": 0
        },
        "_filelogger": {
          "category": "debug-file",
          "context": {},
          "callStackSkipIndex": 0
        },
        "anonymizeFileLogger": {
          "fileLogger": {
            "category": "debug-file",
            "context": {},
            "callStackSkipIndex": 0
          }
        }
      }
    },
    {
      "head": {
        "id": "c5982e25-c08c-437e-a504-8793b2630113",
        "name": "\"configEvaluated\" hook function",
        "description": "",
        "type": "duration"
      },
      "body": {
        "pid": 988,
        "tid": "Main Thread",
        "startTime": 1603509403000,
        "endTime": 1603509436400
      },
      "additional": {
        "children": [],
        "state": "success",
        "targetName": "",
        "moduleName": "",
        "category": "",
        "taskRunReasons": [],
        "parent": "9dd0e833-1f8e-44b3-b9b4-6850b30019da",
        "logId": "79dcee65-950d-43a0-920c-98e24da1f20d"
      },
      "log": {
        "_logger": {
          "category": "DurationEvent",
          "context": {},
          "callStackSkipIndex": 0
        },
        "_filelogger": {
          "category": "debug-file",
          "context": {},
          "callStackSkipIndex": 0
        },
        "anonymizeFileLogger": {
          "fileLogger": {
            "category": "debug-file",
            "context": {},
            "callStackSkipIndex": 0
          }
        }
      }
    },
    {
      "head": {
        "id": "79dcee65-950d-43a0-920c-98e24da1f20d",
        "name": "\"configEvaluated\" hook function",
        "description": "",
        "type": "log"
      },
      "body": {
        "pid": 988,
        "tid": "Main Thread",
        "startTime": 1603509403000,
        "endTime": 1603509436400
      },
      "additional": {
        "logType": "info",
        "children": [],
        "durationId": "c5982e25-c08c-437e-a504-8793b2630113"
      }
    },
    {
      "head": {
        "id": "59f1a2f7-f846-4c62-8059-c04ecc8d85f7",
        "name": "\"nodesInitialized\" hook function",
        "description": "",
        "type": "duration"
      },
      "body": {
        "pid": 988,
        "tid": "Main Thread",
        "startTime": 1603513921300,
        "endTime": 1603513934200
      },
      "additional": {
        "children": [],
        "state": "success",
        "targetName": "",
        "moduleName": "",
        "category": "",
        "taskRunReasons": [],
        "parent": "9dd0e833-1f8e-44b3-b9b4-6850b30019da",
        "logId": "fb4a1f75-4763-4f66-9dcb-87782b92cdea"
      },
      "log": {
        "_logger": {
          "category": "DurationEvent",
          "context": {},
          "callStackSkipIndex": 0
        },
        "_filelogger": {
          "category": "debug-file",
          "context": {},
          "callStackSkipIndex": 0
        },
        "anonymizeFileLogger": {
          "fileLogger": {
            "category": "debug-file",
            "context": {},
            "callStackSkipIndex": 0
          }
        }
      }
    },
    {
      "head": {
        "id": "fb4a1f75-4763-4f66-9dcb-87782b92cdea",
        "name": "\"nodesInitialized\" hook function",
        "description": "",
        "type": "log"
      },
      "body": {
        "pid": 988,
        "tid": "Main Thread",
        "startTime": 1603513921300,
        "endTime": 1603513934200
      },
      "additional": {
        "logType": "info",
        "children": [],
        "durationId": "59f1a2f7-f846-4c62-8059-c04ecc8d85f7"
      }
    },
    {
      "head": {
        "id": "426eb04b-0631-46e6-9063-bdf7ca47ccc2",
        "name": "Hvigor init with startParameters:{\n  hvigorfileTypeCheck: false,\n  parallelExecution: true,\n  incrementalExecution: true,\n  printStackTrace: false,\n  daemon: true,\n  analyze: 0,\n  logLevel: Level { level: 20000, levelStr: 'INFO', colour: 'green' }\n}",
        "description": "",
        "type": "log"
      },
      "body": {
        "pid": 988,
        "tid": "Main Thread",
        "startTime": 1603513985200
      },
      "additional": {
        "logType": "debug",
        "children": []
      }
    },
    {
      "head": {
        "id": "7a3e0f79-5a42-4e5b-be0c-06c3401c549f",
        "name": "Cache service initialization finished in 3 ms ",
        "description": "",
        "type": "log"
      },
      "body": {
        "pid": 988,
        "tid": "Main Thread",
        "startTime": 1603516677100
      },
      "additional": {
        "logType": "debug",
        "children": []
      }
    },
    {
      "head": {
        "id": "e4462359-59bb-4067-b944-fed491eaaf82",
        "name": "create hvigor project model",
        "description": "",
        "type": "log"
      },
      "body": {
        "pid": 988,
        "tid": "Main Thread",
        "startTime": 1603506325700,
        "endTime": 1603516752700
      },
      "additional": {
        "logType": "info",
        "children": [],
        "durationId": "74e4d122-7d88-4bf2-a4bb-52f25fb5efaa"
      }
    },
    {
      "head": {
        "id": "c7d7525c-f27c-4341-9bbd-8efb5a3b6fdf",
        "name": "init configuration",
        "description": "Initialize configuration.",
        "type": "duration"
      },
      "body": {
        "pid": 988,
        "tid": "Main Thread",
        "startTime": 1603521824200,
        "endTime": 1603521831800
      },
      "additional": {
        "children": [],
        "state": "success",
        "targetName": "",
        "moduleName": "",
        "category": "",
        "taskRunReasons": [],
        "parent": "74ffdfb2-08f9-40bb-ba3a-f9458730adff",
        "logId": "442b1d0c-dd87-447c-9278-c22e57745857"
      },
      "log": {
        "_logger": {
          "category": "DurationEvent",
          "context": {},
          "callStackSkipIndex": 0
        },
        "_filelogger": {
          "category": "debug-file",
          "context": {},
          "callStackSkipIndex": 0
        },
        "anonymizeFileLogger": {
          "fileLogger": {
            "category": "debug-file",
            "context": {},
            "callStackSkipIndex": 0
          }
        }
      }
    },
    {
      "head": {
        "id": "a4efff23-0a4b-490d-aa61-16df47be4113",
        "name": "configure project task",
        "description": "Configure project task.",
        "type": "duration"
      },
      "body": {
        "pid": 988,
        "tid": "Main Thread",
        "startTime": 1603521842300,
        "endTime": 1603526109400
      },
      "additional": {
        "children": [],
        "state": "success",
        "targetName": "",
        "moduleName": "",
        "category": "",
        "taskRunReasons": [],
        "parent": "74ffdfb2-08f9-40bb-ba3a-f9458730adff",
        "logId": "a912d84c-9ef7-46f3-a780-84c3a9bb5756"
      },
      "log": {
        "_logger": {
          "category": "DurationEvent",
          "context": {},
          "callStackSkipIndex": 0
        },
        "_filelogger": {
          "category": "debug-file",
          "context": {},
          "callStackSkipIndex": 0
        },
        "anonymizeFileLogger": {
          "fileLogger": {
            "category": "debug-file",
            "context": {},
            "callStackSkipIndex": 0
          }
        }
      }
    },
    {
      "head": {
        "id": "3035f02b-9674-4f71-ab7f-49bf7de8a6af",
        "name": "eval project",
        "description": "Evaluate project.",
        "type": "duration"
      },
      "body": {
        "pid": 988,
        "tid": "Main Thread",
        "startTime": 1603526117100
      },
      "additional": {
        "children": [
          "70f44a0f-a875-4c8b-adf4-144db8c16cce",
          "599c6c00-6433-4af5-8eff-ad4ed1829497"
        ],
        "state": "running",
        "targetName": "",
        "moduleName": "",
        "category": "",
        "taskRunReasons": [],
        "parent": "74ffdfb2-08f9-40bb-ba3a-f9458730adff"
      },
      "log": {
        "_logger": {
          "category": "DurationEvent",
          "context": {},
          "callStackSkipIndex": 0
        },
        "_filelogger": {
          "category": "debug-file",
          "context": {},
          "callStackSkipIndex": 0
        },
        "anonymizeFileLogger": {
          "fileLogger": {
            "category": "debug-file",
            "context": {},
            "callStackSkipIndex": 0
          }
        }
      }
    },
    {
      "head": {
        "id": "442b1d0c-dd87-447c-9278-c22e57745857",
        "name": "init configuration",
        "description": "",
        "type": "log"
      },
      "body": {
        "pid": 988,
        "tid": "Main Thread",
        "startTime": 1603521824200,
        "endTime": 1603521831800
      },
      "additional": {
        "logType": "info",
        "children": [],
        "durationId": "c7d7525c-f27c-4341-9bbd-8efb5a3b6fdf"
      }
    },
    {
      "head": {
        "id": "a912d84c-9ef7-46f3-a780-84c3a9bb5756",
        "name": "configure project task",
        "description": "",
        "type": "log"
      },
      "body": {
        "pid": 988,
        "tid": "Main Thread",
        "startTime": 1603521842300,
        "endTime": 1603526109400
      },
      "additional": {
        "logType": "info",
        "children": [],
        "durationId": "a4efff23-0a4b-490d-aa61-16df47be4113"
      }
    },
    {
      "head": {
        "id": "70f44a0f-a875-4c8b-adf4-144db8c16cce",
        "name": "\"beforeNodeEvaluate\" hook function",
        "description": "",
        "type": "duration"
      },
      "body": {
        "pid": 988,
        "tid": "Main Thread",
        "startTime": 1603527347800,
        "endTime": 1603527362900
      },
      "additional": {
        "children": [],
        "state": "success",
        "targetName": "",
        "moduleName": "",
        "category": "",
        "taskRunReasons": [],
        "parent": "3035f02b-9674-4f71-ab7f-49bf7de8a6af",
        "logId": "cd4aa5dc-161b-454f-9f9a-1819a0155334"
      },
      "log": {
        "_logger": {
          "category": "DurationEvent",
          "context": {},
          "callStackSkipIndex": 0
        },
        "_filelogger": {
          "category": "debug-file",
          "context": {},
          "callStackSkipIndex": 0
        },
        "anonymizeFileLogger": {
          "fileLogger": {
            "category": "debug-file",
            "context": {},
            "callStackSkipIndex": 0
          }
        }
      }
    },
    {
      "head": {
        "id": "cd4aa5dc-161b-454f-9f9a-1819a0155334",
        "name": "\"beforeNodeEvaluate\" hook function",
        "description": "",
        "type": "log"
      },
      "body": {
        "pid": 988,
        "tid": "Main Thread",
        "startTime": 1603527347800,
        "endTime": 1603527362900
      },
      "additional": {
        "logType": "info",
        "children": [],
        "durationId": "70f44a0f-a875-4c8b-adf4-144db8c16cce"
      }
    },
    {
      "head": {
        "id": "599c6c00-6433-4af5-8eff-ad4ed1829497",
        "name": "eval hvigorfile",
        "description": "Evaluate hvigorfile.",
        "type": "duration"
      },
      "body": {
        "pid": 988,
        "tid": "Main Thread",
        "startTime": 1603529064800
      },
      "additional": {
        "children": [
          "6e7cca5d-871e-42c3-8958-02568e407e27",
          "8c3e6012-5dd6-4aed-bdc9-800dc667065f"
        ],
        "state": "running",
        "targetName": "",
        "moduleName": "",
        "category": "",
        "taskRunReasons": [],
        "parent": "3035f02b-9674-4f71-ab7f-49bf7de8a6af"
      },
      "log": {
        "_logger": {
          "category": "DurationEvent",
          "context": {},
          "callStackSkipIndex": 0
        },
        "_filelogger": {
          "category": "debug-file",
          "context": {},
          "callStackSkipIndex": 0
        },
        "anonymizeFileLogger": {
          "fileLogger": {
            "category": "debug-file",
            "context": {},
            "callStackSkipIndex": 0
          }
        }
      }
    },
    {
      "head": {
        "id": "6e7cca5d-871e-42c3-8958-02568e407e27",
        "name": "require hvigorfile",
        "description": "Require hvigorfile.",
        "type": "duration"
      },
      "body": {
        "pid": 988,
        "tid": "Main Thread",
        "startTime": 1603529065800,
        "endTime": 1603533682200
      },
      "additional": {
        "children": [],
        "state": "success",
        "targetName": "",
        "moduleName": "",
        "category": "",
        "taskRunReasons": [],
        "parent": "599c6c00-6433-4af5-8eff-ad4ed1829497",
        "logId": "c9b0716b-531a-464d-a391-6169233a9f6e"
      },
      "log": {
        "_logger": {
          "category": "DurationEvent",
          "context": {},
          "callStackSkipIndex": 0
        },
        "_filelogger": {
          "category": "debug-file",
          "context": {},
          "callStackSkipIndex": 0
        },
        "anonymizeFileLogger": {
          "fileLogger": {
            "category": "debug-file",
            "context": {},
            "callStackSkipIndex": 0
          }
        }
      }
    },
    {
      "head": {
        "id": "8c3e6012-5dd6-4aed-bdc9-800dc667065f",
        "name": "bind plugins",
        "description": "Bind plugins.",
        "type": "duration"
      },
      "body": {
        "pid": 988,
        "tid": "Main Thread",
        "startTime": 1603533718600
      },
      "additional": {
        "children": [],
        "state": "running",
        "targetName": "",
        "moduleName": "",
        "category": "",
        "taskRunReasons": [],
        "parent": "599c6c00-6433-4af5-8eff-ad4ed1829497"
      },
      "log": {
        "_logger": {
          "category": "DurationEvent",
          "context": {},
          "callStackSkipIndex": 0
        },
        "_filelogger": {
          "category": "debug-file",
          "context": {},
          "callStackSkipIndex": 0
        },
        "anonymizeFileLogger": {
          "fileLogger": {
            "category": "debug-file",
            "context": {},
            "callStackSkipIndex": 0
          }
        }
      }
    },
    {
      "head": {
        "id": "9c89e513-5d38-4a70-b6f3-bade2db2daf8",
        "name": "hvigorfile, resolving E:\\hamony\\MyApplication\\hvigorfile.ts",
        "description": "",
        "type": "log"
      },
      "body": {
        "pid": 988,
        "tid": "Main Thread",
        "startTime": 1603529071100
      },
      "additional": {
        "logType": "debug",
        "children": []
      }
    },
    {
      "head": {
        "id": "365bd6d1-4c7b-4d0c-8a57-8a2e34433092",
        "name": "hvigorfile, require result:  { default: { system: [Function: appTasks], plugins: [] } }",
        "description": "",
        "type": "log"
      },
      "body": {
        "pid": 988,
        "tid": "Main Thread",
        "startTime": 1603533590000
      },
      "additional": {
        "logType": "debug",
        "children": []
      }
    },
    {
      "head": {
        "id": "c9b0716b-531a-464d-a391-6169233a9f6e",
        "name": "require hvigorfile",
        "description": "",
        "type": "log"
      },
      "body": {
        "pid": 988,
        "tid": "Main Thread",
        "startTime": 1603529065800,
        "endTime": 1603533682200
      },
      "additional": {
        "logType": "info",
        "children": [],
        "durationId": "6e7cca5d-871e-42c3-8958-02568e407e27"
      }
    },
    {
      "head": {
        "id": "d6ff9cbd-bb6a-4375-83ba-978372fb309d",
        "name": "hvigorfile, binding system plugins [Function: appTasks]",
        "description": "",
        "type": "log"
      },
      "body": {
        "pid": 988,
        "tid": "Main Thread",
        "startTime": 1603533726900
      },
      "additional": {
        "logType": "debug",
        "children": []
      }
    },
    {
      "head": {
        "id": "527e33c4-2265-42ac-af99-3e2f93189ed2",
        "name": "Start initialize project's product build option map with build mode debug.",
        "description": "",
        "type": "log"
      },
      "body": {
        "pid": 988,
        "tid": "Main Thread",
        "startTime": 1603538399400
      },
      "additional": {
        "logType": "debug",
        "children": []
      }
    },
    {
      "head": {
        "id": "2f2be326-94e0-47f2-9445-9cbb69af2f17",
        "name": "Picking option from product 'default' with build mode 'debug'.",
        "description": "",
        "type": "log"
      },
      "body": {
        "pid": 988,
        "tid": "Main Thread",
        "startTime": 1603538471100
      },
      "additional": {
        "logType": "debug",
        "children": []
      }
    },
    {
      "head": {
        "id": "d77da576-f6be-4ef3-ba75-6efbb5a36269",
        "name": "Product 'default' build option: {}",
        "description": "",
        "type": "log"
      },
      "body": {
        "pid": 988,
        "tid": "Main Thread",
        "startTime": 1603538525600
      },
      "additional": {
        "logType": "debug",
        "children": []
      }
    },
    {
      "head": {
        "id": "bd4d72ba-eb16-4144-a7f7-36843272f2a6",
        "name": "End initialize project's product build option map with build mode 'debug'.",
        "description": "",
        "type": "log"
      },
      "body": {
        "pid": 988,
        "tid": "Main Thread",
        "startTime": 1603538580300
      },
      "additional": {
        "logType": "debug",
        "children": []
      }
    },
    {
      "head": {
        "id": "e20301a0-e9ed-42f4-8b08-91842de73f9f",
        "name": "Product 'default' using build option: {\n  \"debuggable\": true\n} in this build.",
        "description": "",
        "type": "log"
      },
      "body": {
        "pid": 988,
        "tid": "Main Thread",
        "startTime": 1603541504900
      },
      "additional": {
        "logType": "debug",
        "children": []
      }
    },
    {
      "head": {
        "id": "029a3397-fb13-49d3-9ead-2cbe500a6149",
        "name": "No signingConfig found, initRemoteHspCache failed.",
        "description": "",
        "type": "log"
      },
      "body": {
        "pid": 988,
        "tid": "Main Thread",
        "startTime": 1603544360000
      },
      "additional": {
        "logType": "debug",
        "children": []
      }
    },
    {
      "head": {
        "id": "6e331fdb-b4e2-440a-aedb-dc53fdf77571",
        "name": "hvigor build process will be closed with an error.",
        "description": "",
        "type": "log"
      },
      "body": {
        "pid": 988,
        "tid": "Main Thread",
        "startTime": 1603547626300
      },
      "additional": {
        "logType": "debug",
        "children": []
      }
    },
    {
      "head": {
        "id": "debe0c66-2d33-4e74-9125-5ee239fcd5ee",
        "name": "ERROR: stacktrace = Error: Unable to find 'sdk.dir' in 'local.properties' or 'OHOS_BASE_SDK_HOME' in the system environment path.\r\n\t at E:\\hamony\\MyApplication\\local.properties\n    at OhosLogger.errorMessageExit (E:\\hamony\\DevEco Studio\\tools\\hvigor\\hvigor\\src\\base\\log\\hvigor-log.js:1:3222)\n    at OhosLogger._printErrorAndExit (E:\\hamony\\DevEco Studio\\tools\\hvigor\\hvigor-ohos-plugin\\src\\utils\\log\\ohos-logger.js:1:1931)\n    at Property.validatePath (E:\\hamony\\DevEco Studio\\tools\\hvigor\\hvigor-ohos-plugin\\src\\sdk\\lib\\property-get.js:1:2516)\n    at Property.getSdkDir (E:\\hamony\\DevEco Studio\\tools\\hvigor\\hvigor-ohos-plugin\\src\\sdk\\lib\\property-get.js:1:1287)\n    at OhosSdkLoader.validateCache (E:\\hamony\\DevEco Studio\\tools\\hvigor\\hvigor-ohos-plugin\\src\\sdk\\ohos-sdk-loader.js:1:2330)\n    at OhosSdkLoader.getOhosSdkComponents (E:\\hamony\\DevEco Studio\\tools\\hvigor\\hvigor-ohos-plugin\\src\\sdk\\ohos-sdk-loader.js:1:1050)\n    at OhosSdkInfo.setup (E:\\hamony\\DevEco Studio\\tools\\hvigor\\hvigor-ohos-plugin\\src\\sdk\\info\\ohos-sdk-info.js:1:1235)\n    at ProjectTaskService.setup (E:\\hamony\\DevEco Studio\\tools\\hvigor\\hvigor-ohos-plugin\\src\\tasks\\service\\project-task-service.js:1:2338)\n    at ProjectImpl.<anonymous> (E:\\hamony\\DevEco Studio\\tools\\hvigor\\hvigor-ohos-plugin\\src\\plugin\\factory\\plugin-factory.js:1:2427)\n    at ProjectImpl.executeAfterBindSystemPluginsHook (E:\\hamony\\DevEco Studio\\tools\\hvigor\\hvigor\\src\\base\\internal\\lifecycle\\hvigor-node-impl\\default-node-impl.js:1:5256)",
        "description": "",
        "type": "log"
      },
      "body": {
        "pid": 988,
        "tid": "Main Thread",
        "startTime": 1603548187300
      },
      "additional": {
        "logType": "debug",
        "children": []
      }
    },
    {
      "head": {
        "id": "bcbfd7a3-3325-457e-add0-d99368bc9358",
        "name": "\"buildFinished\" hook function",
        "description": "",
        "type": "duration"
      },
      "body": {
        "pid": 988,
        "tid": "Main Thread",
        "startTime": 1603555474700,
        "endTime": 1603555500600
      },
      "additional": {
        "children": [],
        "state": "success",
        "targetName": "",
        "moduleName": "",
        "category": "",
        "taskRunReasons": [],
        "parent": "e0d95c08-451d-4ac0-bd35-7ad3c310ed7b",
        "logId": "18dd61d0-b55e-4585-8f51-5ead823e8e66"
      },
      "log": {
        "_logger": {
          "category": "DurationEvent",
          "context": {},
          "callStackSkipIndex": 0
        },
        "_filelogger": {
          "category": "debug-file",
          "context": {},
          "callStackSkipIndex": 0
        },
        "anonymizeFileLogger": {
          "fileLogger": {
            "category": "debug-file",
            "context": {},
            "callStackSkipIndex": 0
          }
        }
      }
    },
    {
      "head": {
        "id": "18dd61d0-b55e-4585-8f51-5ead823e8e66",
        "name": "\"buildFinished\" hook function",
        "description": "",
        "type": "log"
      },
      "body": {
        "pid": 988,
        "tid": "Main Thread",
        "startTime": 1603555474700,
        "endTime": 1603555500600
      },
      "additional": {
        "logType": "info",
        "children": [],
        "durationId": "bcbfd7a3-3325-457e-add0-d99368bc9358"
      }
    },
    {
      "head": {
        "id": "ee6e04d6-6d25-454f-8e2d-c6bc6a0fe22c",
        "name": "",
        "description": "",
        "type": "mark"
      },
      "body": {
        "pid": 988,
        "tid": "Main Thread",
        "startTime": 1603501519600,
        "endTime": 1603555552200
      },
      "additional": {
        "time": {
          "year": 2025,
          "month": 12,
          "day": 17,
          "hour": 15,
          "minute": 41
        },
        "completeCommand": "{\"completeCommand\":\"--sync -p product=default --analyze=normal --parallel --incremental --daemon\",\"parallel\":true,\"prop\":[\"product=default\"],\"incremental\":true,\"sync\":true,\"_\":[],\"daemon\":true,\"analyze\":\"normal\"};--sync -p product=default --analyze=normal --parallel --incremental --daemon",
        "hvigorVersion": "5.13.2",
        "markType": "history",
        "nodeVersion": "v18.20.1",
        "category": "build",
        "state": "failed"
      }
    },
    {
      "head": {
        "id": "4834a87a-d252-4f8c-919e-25938e2a03a7",
        "name": "BUILD FAILED in 54 ms ",
        "description": "",
        "type": "log"
      },
      "body": {
        "pid": 988,
        "tid": "Main Thread",
        "startTime": 1603555624400
      },
      "additional": {
        "logType": "error",
        "children": []
      }
    }
  ],
  "workLog": []
}