{
  "version": "2.0",
  "ppid": 22256,
  "events": [
    {
      "head": {
        "id": "b96721d5-c22b-43ce-8987-8736253e99d7",
        "name": "hvigor build process will be closed.",
        "description": "",
        "type": "log"
      },
      "body": {
        "pid": 988,
        "tid": "Main Thread",
        "startTime": 1603570391800
      },
      "additional": {
        "logType": "debug",
        "children": []
      }
    },
    {
      "head": {
        "id": "9f8e6164-d500-4d92-96ca-e54261349bd8",
        "name": "watch worker: worker id should be larger than 0. Nothing will be sent to any worker thread.",
        "description": "",
        "type": "log"
      },
      "body": {
        "pid": 988,
        "tid": "Main Thread",
        "startTime": 1603584546700
      },
      "additional": {
        "logType": "debug",
        "children": []
      }
    },
    {
      "head": {
        "id": "16338084-0bf1-421a-aa31-f0022663c072",
        "name": "watch worker: worker id should be larger than 0. Nothing will be sent to any worker thread.",
        "description": "",
        "type": "log"
      },
      "body": {
        "pid": 988,
        "tid": "Main Thread",
        "startTime": 1603584983500
      },
      "additional": {
        "logType": "debug",
        "children": []
      }
    },
    {
      "head": {
        "id": "0a4f2277-c326-42d7-aa77-1bfb8a9ed702",
        "name": "watch worker: worker id should be larger than 0. Nothing will be sent to any worker thread.",
        "description": "",
        "type": "log"
      },
      "body": {
        "pid": 988,
        "tid": "Main Thread",
        "startTime": 1664816831300
      },
      "additional": {
        "logType": "debug",
        "children": []
      }
    },
    {
      "head": {
        "id": "f5744e19-032f-4f9e-981b-07347a3f787e",
        "name": "init",
        "description": "Initialize and build task graph.",
        "type": "duration"
      },
      "body": {
        "pid": 988,
        "tid": "Main Thread",
        "startTime": 1664822514600
      },
      "additional": {
        "children": [
          "b66e5cfa-dd10-4b1c-8cbd-752017207b8d",
          "2465a05d-692a-4c87-ae52-195988b1ae8a",
          "85ded097-8cea-4919-a752-3317e8756279",
          "9763dee0-77cb-40ca-8b72-bba81a1c2555",
          "f57159cb-615a-4101-8ba4-32d3a5d008b6",
          "2ab7d18f-2dc5-48eb-a663-5e5cdd27e5ca"
        ],
        "state": "running",
        "targetName": "",
        "moduleName": "",
        "category": "Init",
        "taskRunReasons": []
      },
      "log": {
        "_logger": {
          "category": "DurationEvent",
          "context": {},
          "callStackSkipIndex": 0
        },
        "_filelogger": {
          "category": "debug-file",
          "context": {},
          "callStackSkipIndex": 0
        },
        "anonymizeFileLogger": {
          "fileLogger": {
            "category": "debug-file",
            "context": {},
            "callStackSkipIndex": 0
          }
        }
      }
    },
    {
      "head": {
        "id": "b66e5cfa-dd10-4b1c-8cbd-752017207b8d",
        "name": "create hvigor project model",
        "description": "Initialize hvigor project model.",
        "type": "duration"
      },
      "body": {
        "pid": 988,
        "tid": "Main Thread",
        "startTime": 1664822515700,
        "endTime": 1664833103800
      },
      "additional": {
        "children": [],
        "state": "success",
        "targetName": "",
        "moduleName": "",
        "category": "",
        "taskRunReasons": [],
        "parent": "f5744e19-032f-4f9e-981b-07347a3f787e",
        "logId": "4386e06d-760c-4f32-84b7-76bfbe3fc577"
      },
      "log": {
        "_logger": {
          "category": "DurationEvent",
          "context": {},
          "callStackSkipIndex": 0
        },
        "_filelogger": {
          "category": "debug-file",
          "context": {},
          "callStackSkipIndex": 0
        },
        "anonymizeFileLogger": {
          "fileLogger": {
            "category": "debug-file",
            "context": {},
            "callStackSkipIndex": 0
          }
        }
      }
    },
    {
      "head": {
        "id": "2465a05d-692a-4c87-ae52-195988b1ae8a",
        "name": "configure hvigor plugin",
        "description": "Configure hvigor plugin.",
        "type": "duration"
      },
      "body": {
        "pid": 988,
        "tid": "Main Thread",
        "startTime": 1664833114900
      },
      "additional": {
        "children": [
          "d88b68d4-4e52-412a-8055-aecc2bf7a01c",
          "ca117884-8422-4bb1-8466-149bf88177b2",
          "8ab22e23-f40e-4955-90c7-ed0ea20f3e35",
          "073c55db-dc2d-458a-b97e-5af4f2b2ac3b",
          "69c835c4-325c-48af-ba72-45881fb7f2ef",
          "03527c0d-1aae-42e5-bddd-fbc7c9211e36",
          "1b3f2dc2-680e-4dc9-a353-0e2b776e665a",
          "d19dd873-86a8-457a-bcf3-7f70dd2dd152"
        ],
        "state": "running",
        "targetName": "",
        "moduleName": "",
        "category": "",
        "taskRunReasons": [],
        "parent": "f5744e19-032f-4f9e-981b-07347a3f787e"
      },
      "log": {
        "_logger": {
          "category": "DurationEvent",
          "context": {},
          "callStackSkipIndex": 0
        },
        "_filelogger": {
          "category": "debug-file",
          "context": {},
          "callStackSkipIndex": 0
        },
        "anonymizeFileLogger": {
          "fileLogger": {
            "category": "debug-file",
            "context": {},
            "callStackSkipIndex": 0
          }
        }
      }
    },
    {
      "head": {
        "id": "f57159cb-615a-4101-8ba4-32d3a5d008b6",
        "name": "\"configEvaluated\" hook function",
        "description": "",
        "type": "duration"
      },
      "body": {
        "pid": 988,
        "tid": "Main Thread",
        "startTime": 1664825203700,
        "endTime": 1664825236000
      },
      "additional": {
        "children": [],
        "state": "success",
        "targetName": "",
        "moduleName": "",
        "category": "",
        "taskRunReasons": [],
        "parent": "f5744e19-032f-4f9e-981b-07347a3f787e",
        "logId": "c4164fb7-5ba9-49a9-ba12-156ecc684d70"
      },
      "log": {
        "_logger": {
          "category": "DurationEvent",
          "context": {},
          "callStackSkipIndex": 0
        },
        "_filelogger": {
          "category": "debug-file",
          "context": {},
          "callStackSkipIndex": 0
        },
        "anonymizeFileLogger": {
          "fileLogger": {
            "category": "debug-file",
            "context": {},
            "callStackSkipIndex": 0
          }
        }
      }
    },
    {
      "head": {
        "id": "c4164fb7-5ba9-49a9-ba12-156ecc684d70",
        "name": "\"configEvaluated\" hook function",
        "description": "",
        "type": "log"
      },
      "body": {
        "pid": 988,
        "tid": "Main Thread",
        "startTime": 1664825203700,
        "endTime": 1664825236000
      },
      "additional": {
        "logType": "info",
        "children": [],
        "durationId": "f57159cb-615a-4101-8ba4-32d3a5d008b6"
      }
    },
    {
      "head": {
        "id": "2ab7d18f-2dc5-48eb-a663-5e5cdd27e5ca",
        "name": "\"nodesInitialized\" hook function",
        "description": "",
        "type": "duration"
      },
      "body": {
        "pid": 988,
        "tid": "Main Thread",
        "startTime": 1664829993500,
        "endTime": 1664830006900
      },
      "additional": {
        "children": [],
        "state": "success",
        "targetName": "",
        "moduleName": "",
        "category": "",
        "taskRunReasons": [],
        "parent": "f5744e19-032f-4f9e-981b-07347a3f787e",
        "logId": "cc889941-dd51-4c58-843b-fb30df49127a"
      },
      "log": {
        "_logger": {
          "category": "DurationEvent",
          "context": {},
          "callStackSkipIndex": 0
        },
        "_filelogger": {
          "category": "debug-file",
          "context": {},
          "callStackSkipIndex": 0
        },
        "anonymizeFileLogger": {
          "fileLogger": {
            "category": "debug-file",
            "context": {},
            "callStackSkipIndex": 0
          }
        }
      }
    },
    {
      "head": {
        "id": "cc889941-dd51-4c58-843b-fb30df49127a",
        "name": "\"nodesInitialized\" hook function",
        "description": "",
        "type": "log"
      },
      "body": {
        "pid": 988,
        "tid": "Main Thread",
        "startTime": 1664829993500,
        "endTime": 1664830006900
      },
      "additional": {
        "logType": "info",
        "children": [],
        "durationId": "2ab7d18f-2dc5-48eb-a663-5e5cdd27e5ca"
      }
    },
    {
      "head": {
        "id": "6ea2d637-2f1a-42ab-b9b3-a428d090c0ba",
        "name": "Hvigor init with startParameters:{\n  hvigorfileTypeCheck: false,\n  parallelExecution: true,\n  incrementalExecution: true,\n  printStackTrace: false,\n  daemon: true,\n  analyze: 0,\n  logLevel: Level { level: 20000, levelStr: 'INFO', colour: 'green' }\n}",
        "description": "",
        "type": "log"
      },
      "body": {
        "pid": 988,
        "tid": "Main Thread",
        "startTime": 1664830045000
      },
      "additional": {
        "logType": "debug",
        "children": []
      }
    },
    {
      "head": {
        "id": "e528ceff-de02-49f8-9989-b5c8216859ff",
        "name": "Cache service initialization finished in 3 ms ",
        "description": "",
        "type": "log"
      },
      "body": {
        "pid": 988,
        "tid": "Main Thread",
        "startTime": 1664833024800
      },
      "additional": {
        "logType": "debug",
        "children": []
      }
    },
    {
      "head": {
        "id": "4386e06d-760c-4f32-84b7-76bfbe3fc577",
        "name": "create hvigor project model",
        "description": "",
        "type": "log"
      },
      "body": {
        "pid": 988,
        "tid": "Main Thread",
        "startTime": 1664822515700,
        "endTime": 1664833103800
      },
      "additional": {
        "logType": "info",
        "children": [],
        "durationId": "b66e5cfa-dd10-4b1c-8cbd-752017207b8d"
      }
    },
    {
      "head": {
        "id": "d88b68d4-4e52-412a-8055-aecc2bf7a01c",
        "name": "init configuration",
        "description": "Initialize configuration.",
        "type": "duration"
      },
      "body": {
        "pid": 988,
        "tid": "Main Thread",
        "startTime": 1664837655700,
        "endTime": 1664837662500
      },
      "additional": {
        "children": [],
        "state": "success",
        "targetName": "",
        "moduleName": "",
        "category": "",
        "taskRunReasons": [],
        "parent": "2465a05d-692a-4c87-ae52-195988b1ae8a",
        "logId": "7bbfddce-56e6-47c8-bf86-7410e3cf5f16"
      },
      "log": {
        "_logger": {
          "category": "DurationEvent",
          "context": {},
          "callStackSkipIndex": 0
        },
        "_filelogger": {
          "category": "debug-file",
          "context": {},
          "callStackSkipIndex": 0
        },
        "anonymizeFileLogger": {
          "fileLogger": {
            "category": "debug-file",
            "context": {},
            "callStackSkipIndex": 0
          }
        }
      }
    },
    {
      "head": {
        "id": "ca117884-8422-4bb1-8466-149bf88177b2",
        "name": "configure project task",
        "description": "Configure project task.",
        "type": "duration"
      },
      "body": {
        "pid": 988,
        "tid": "Main Thread",
        "startTime": 1664837672100,
        "endTime": 1664840471100
      },
      "additional": {
        "children": [],
        "state": "success",
        "targetName": "",
        "moduleName": "",
        "category": "",
        "taskRunReasons": [],
        "parent": "2465a05d-692a-4c87-ae52-195988b1ae8a",
        "logId": "1d4ddbea-c625-49dc-ab3d-42697349f56c"
      },
      "log": {
        "_logger": {
          "category": "DurationEvent",
          "context": {},
          "callStackSkipIndex": 0
        },
        "_filelogger": {
          "category": "debug-file",
          "context": {},
          "callStackSkipIndex": 0
        },
        "anonymizeFileLogger": {
          "fileLogger": {
            "category": "debug-file",
            "context": {},
            "callStackSkipIndex": 0
          }
        }
      }
    },
    {
      "head": {
        "id": "8ab22e23-f40e-4955-90c7-ed0ea20f3e35",
        "name": "eval project",
        "description": "Evaluate project.",
        "type": "duration"
      },
      "body": {
        "pid": 988,
        "tid": "Main Thread",
        "startTime": 1664840479700
      },
      "additional": {
        "children": [
          "0e9976c6-1e59-403c-a4bd-580925ba6eae",
          "50fc2675-b201-471f-a2b5-c4fe619e95c6"
        ],
        "state": "running",
        "targetName": "",
        "moduleName": "",
        "category": "",
        "taskRunReasons": [],
        "parent": "2465a05d-692a-4c87-ae52-195988b1ae8a"
      },
      "log": {
        "_logger": {
          "category": "DurationEvent",
          "context": {},
          "callStackSkipIndex": 0
        },
        "_filelogger": {
          "category": "debug-file",
          "context": {},
          "callStackSkipIndex": 0
        },
        "anonymizeFileLogger": {
          "fileLogger": {
            "category": "debug-file",
            "context": {},
            "callStackSkipIndex": 0
          }
        }
      }
    },
    {
      "head": {
        "id": "7bbfddce-56e6-47c8-bf86-7410e3cf5f16",
        "name": "init configuration",
        "description": "",
        "type": "log"
      },
      "body": {
        "pid": 988,
        "tid": "Main Thread",
        "startTime": 1664837655700,
        "endTime": 1664837662500
      },
      "additional": {
        "logType": "info",
        "children": [],
        "durationId": "d88b68d4-4e52-412a-8055-aecc2bf7a01c"
      }
    },
    {
      "head": {
        "id": "1d4ddbea-c625-49dc-ab3d-42697349f56c",
        "name": "configure project task",
        "description": "",
        "type": "log"
      },
      "body": {
        "pid": 988,
        "tid": "Main Thread",
        "startTime": 1664837672100,
        "endTime": 1664840471100
      },
      "additional": {
        "logType": "info",
        "children": [],
        "durationId": "ca117884-8422-4bb1-8466-149bf88177b2"
      }
    },
    {
      "head": {
        "id": "0e9976c6-1e59-403c-a4bd-580925ba6eae",
        "name": "\"beforeNodeEvaluate\" hook function",
        "description": "",
        "type": "duration"
      },
      "body": {
        "pid": 988,
        "tid": "Main Thread",
        "startTime": 1664840990000,
        "endTime": 1664841007800
      },
      "additional": {
        "children": [],
        "state": "success",
        "targetName": "",
        "moduleName": "",
        "category": "",
        "taskRunReasons": [],
        "parent": "8ab22e23-f40e-4955-90c7-ed0ea20f3e35",
        "logId": "926bfec8-0c71-4f02-a6fa-a01090dc1bc4"
      },
      "log": {
        "_logger": {
          "category": "DurationEvent",
          "context": {},
          "callStackSkipIndex": 0
        },
        "_filelogger": {
          "category": "debug-file",
          "context": {},
          "callStackSkipIndex": 0
        },
        "anonymizeFileLogger": {
          "fileLogger": {
            "category": "debug-file",
            "context": {},
            "callStackSkipIndex": 0
          }
        }
      }
    },
    {
      "head": {
        "id": "926bfec8-0c71-4f02-a6fa-a01090dc1bc4",
        "name": "\"beforeNodeEvaluate\" hook function",
        "description": "",
        "type": "log"
      },
      "body": {
        "pid": 988,
        "tid": "Main Thread",
        "startTime": 1664840990000,
        "endTime": 1664841007800
      },
      "additional": {
        "logType": "info",
        "children": [],
        "durationId": "0e9976c6-1e59-403c-a4bd-580925ba6eae"
      }
    },
    {
      "head": {
        "id": "50fc2675-b201-471f-a2b5-c4fe619e95c6",
        "name": "eval hvigorfile",
        "description": "Evaluate hvigorfile.",
        "type": "duration"
      },
      "body": {
        "pid": 988,
        "tid": "Main Thread",
        "startTime": 1664842715500
      },
      "additional": {
        "children": [
          "ea40dcb1-84f0-4a39-8659-daa6a9911681",
          "ef24141b-b76e-4714-88c6-202038993521"
        ],
        "state": "running",
        "targetName": "",
        "moduleName": "",
        "category": "",
        "taskRunReasons": [],
        "parent": "8ab22e23-f40e-4955-90c7-ed0ea20f3e35"
      },
      "log": {
        "_logger": {
          "category": "DurationEvent",
          "context": {},
          "callStackSkipIndex": 0
        },
        "_filelogger": {
          "category": "debug-file",
          "context": {},
          "callStackSkipIndex": 0
        },
        "anonymizeFileLogger": {
          "fileLogger": {
            "category": "debug-file",
            "context": {},
            "callStackSkipIndex": 0
          }
        }
      }
    },
    {
      "head": {
        "id": "ea40dcb1-84f0-4a39-8659-daa6a9911681",
        "name": "require hvigorfile",
        "description": "Require hvigorfile.",
        "type": "duration"
      },
      "body": {
        "pid": 988,
        "tid": "Main Thread",
        "startTime": 1664842716300,
        "endTime": 1664846177800
      },
      "additional": {
        "children": [],
        "state": "success",
        "targetName": "",
        "moduleName": "",
        "category": "",
        "taskRunReasons": [],
        "parent": "50fc2675-b201-471f-a2b5-c4fe619e95c6",
        "logId": "5d906732-24da-41a4-ab98-61df6cba734a"
      },
      "log": {
        "_logger": {
          "category": "DurationEvent",
          "context": {},
          "callStackSkipIndex": 0
        },
        "_filelogger": {
          "category": "debug-file",
          "context": {},
          "callStackSkipIndex": 0
        },
        "anonymizeFileLogger": {
          "fileLogger": {
            "category": "debug-file",
            "context": {},
            "callStackSkipIndex": 0
          }
        }
      }
    },
    {
      "head": {
        "id": "ef24141b-b76e-4714-88c6-202038993521",
        "name": "bind plugins",
        "description": "Bind plugins.",
        "type": "duration"
      },
      "body": {
        "pid": 988,
        "tid": "Main Thread",
        "startTime": 1664846189100
      },
      "additional": {
        "children": [],
        "state": "running",
        "targetName": "",
        "moduleName": "",
        "category": "",
        "taskRunReasons": [],
        "parent": "50fc2675-b201-471f-a2b5-c4fe619e95c6"
      },
      "log": {
        "_logger": {
          "category": "DurationEvent",
          "context": {},
          "callStackSkipIndex": 0
        },
        "_filelogger": {
          "category": "debug-file",
          "context": {},
          "callStackSkipIndex": 0
        },
        "anonymizeFileLogger": {
          "fileLogger": {
            "category": "debug-file",
            "context": {},
            "callStackSkipIndex": 0
          }
        }
      }
    },
    {
      "head": {
        "id": "30a583ed-d93a-4b09-89d5-22e0b483ff34",
        "name": "hvigorfile, resolving E:\\hamony\\MyApplication\\hvigorfile.ts",
        "description": "",
        "type": "log"
      },
      "body": {
        "pid": 988,
        "tid": "Main Thread",
        "startTime": 1664842721500
      },
      "additional": {
        "logType": "debug",
        "children": []
      }
    },
    {
      "head": {
        "id": "c2bdf689-a90b-4be6-a395-daedebcd15ad",
        "name": "hvigorfile, require result:  { default: { system: [Function: appTasks], plugins: [] } }",
        "description": "",
        "type": "log"
      },
      "body": {
        "pid": 988,
        "tid": "Main Thread",
        "startTime": 1664846091500
      },
      "additional": {
        "logType": "debug",
        "children": []
      }
    },
    {
      "head": {
        "id": "5d906732-24da-41a4-ab98-61df6cba734a",
        "name": "require hvigorfile",
        "description": "",
        "type": "log"
      },
      "body": {
        "pid": 988,
        "tid": "Main Thread",
        "startTime": 1664842716300,
        "endTime": 1664846177800
      },
      "additional": {
        "logType": "info",
        "children": [],
        "durationId": "ea40dcb1-84f0-4a39-8659-daa6a9911681"
      }
    },
    {
      "head": {
        "id": "a92f1114-2b46-40d8-80dc-1eb918acbcde",
        "name": "hvigorfile, binding system plugins [Function: appTasks]",
        "description": "",
        "type": "log"
      },
      "body": {
        "pid": 988,
        "tid": "Main Thread",
        "startTime": 1664846197400
      },
      "additional": {
        "logType": "debug",
        "children": []
      }
    },
    {
      "head": {
        "id": "409f9fe7-029a-4b2a-857e-783241963af7",
        "name": "Start initialize project's product build option map with build mode debug.",
        "description": "",
        "type": "log"
      },
      "body": {
        "pid": 988,
        "tid": "Main Thread",
        "startTime": 1664850922400
      },
      "additional": {
        "logType": "debug",
        "children": []
      }
    },
    {
      "head": {
        "id": "f6eb7aa1-4e2f-4060-9bf8-eab3458c5e1f",
        "name": "Picking option from product 'default' with build mode 'debug'.",
        "description": "",
        "type": "log"
      },
      "body": {
        "pid": 988,
        "tid": "Main Thread",
        "startTime": 1664850994500
      },
      "additional": {
        "logType": "debug",
        "children": []
      }
    },
    {
      "head": {
        "id": "a55c2424-f189-4434-91cb-f2717ff1b1b0",
        "name": "Product 'default' build option: {}",
        "description": "",
        "type": "log"
      },
      "body": {
        "pid": 988,
        "tid": "Main Thread",
        "startTime": 1664851048300
      },
      "additional": {
        "logType": "debug",
        "children": []
      }
    },
    {
      "head": {
        "id": "c83f7027-0342-460d-83a2-4a19c97b83dc",
        "name": "End initialize project's product build option map with build mode 'debug'.",
        "description": "",
        "type": "log"
      },
      "body": {
        "pid": 988,
        "tid": "Main Thread",
        "startTime": 1664851103500
      },
      "additional": {
        "logType": "debug",
        "children": []
      }
    },
    {
      "head": {
        "id": "566672f2-cf09-4a43-849f-b855d34f3eb2",
        "name": "Product 'default' using build option: {\n  \"debuggable\": true\n} in this build.",
        "description": "",
        "type": "log"
      },
      "body": {
        "pid": 988,
        "tid": "Main Thread",
        "startTime": 1664852785200
      },
      "additional": {
        "logType": "debug",
        "children": []
      }
    },
    {
      "head": {
        "id": "e2b5f89c-36ed-4efa-828d-e5b1a691c7c6",
        "name": "No signingConfig found, initRemoteHspCache failed.",
        "description": "",
        "type": "log"
      },
      "body": {
        "pid": 988,
        "tid": "Main Thread",
        "startTime": 1664855414900
      },
      "additional": {
        "logType": "debug",
        "children": []
      }
    },
    {
      "head": {
        "id": "66194a46-30ee-4419-80ec-f9c50a76fe2b",
        "name": "hvigor build process will be closed with an error.",
        "description": "",
        "type": "log"
      },
      "body": {
        "pid": 988,
        "tid": "Main Thread",
        "startTime": 1664856962000
      },
      "additional": {
        "logType": "debug",
        "children": []
      }
    },
    {
      "head": {
        "id": "c9307885-c414-405c-998c-58cb69b38b91",
        "name": "ERROR: stacktrace = Error: Unable to find 'sdk.dir' in 'local.properties' or 'OHOS_BASE_SDK_HOME' in the system environment path.\r\n\t at E:\\hamony\\MyApplication\\local.properties\n    at OhosLogger.errorMessageExit (E:\\hamony\\DevEco Studio\\tools\\hvigor\\hvigor\\src\\base\\log\\hvigor-log.js:1:3222)\n    at OhosLogger._printErrorAndExit (E:\\hamony\\DevEco Studio\\tools\\hvigor\\hvigor-ohos-plugin\\src\\utils\\log\\ohos-logger.js:1:1931)\n    at Property.validatePath (E:\\hamony\\DevEco Studio\\tools\\hvigor\\hvigor-ohos-plugin\\src\\sdk\\lib\\property-get.js:1:2516)\n    at Property.getSdkDir (E:\\hamony\\DevEco Studio\\tools\\hvigor\\hvigor-ohos-plugin\\src\\sdk\\lib\\property-get.js:1:1287)\n    at OhosSdkLoader.validateCache (E:\\hamony\\DevEco Studio\\tools\\hvigor\\hvigor-ohos-plugin\\src\\sdk\\ohos-sdk-loader.js:1:2330)\n    at OhosSdkLoader.getOhosSdkComponents (E:\\hamony\\DevEco Studio\\tools\\hvigor\\hvigor-ohos-plugin\\src\\sdk\\ohos-sdk-loader.js:1:1050)\n    at OhosSdkInfo.setup (E:\\hamony\\DevEco Studio\\tools\\hvigor\\hvigor-ohos-plugin\\src\\sdk\\info\\ohos-sdk-info.js:1:1235)\n    at ProjectTaskService.setup (E:\\hamony\\DevEco Studio\\tools\\hvigor\\hvigor-ohos-plugin\\src\\tasks\\service\\project-task-service.js:1:2338)\n    at ProjectImpl.<anonymous> (E:\\hamony\\DevEco Studio\\tools\\hvigor\\hvigor-ohos-plugin\\src\\plugin\\factory\\plugin-factory.js:1:2427)\n    at ProjectImpl.executeAfterBindSystemPluginsHook (E:\\hamony\\DevEco Studio\\tools\\hvigor\\hvigor\\src\\base\\internal\\lifecycle\\hvigor-node-impl\\default-node-impl.js:1:5256)",
        "description": "",
        "type": "log"
      },
      "body": {
        "pid": 988,
        "tid": "Main Thread",
        "startTime": 1664857120000
      },
      "additional": {
        "logType": "debug",
        "children": []
      }
    },
    {
      "head": {
        "id": "a70a575d-645d-4c25-9526-8273ccf006be",
        "name": "\"buildFinished\" hook function",
        "description": "",
        "type": "duration"
      },
      "body": {
        "pid": 988,
        "tid": "Main Thread",
        "startTime": 1664864696600,
        "endTime": 1664864715300
      },
      "additional": {
        "children": [],
        "state": "success",
        "targetName": "",
        "moduleName": "",
        "category": "",
        "taskRunReasons": [],
        "parent": "d08e9ae8-7dcc-40a8-ae07-4119039369c2",
        "logId": "a92707da-c7fe-426b-91a2-ee5e842d64c1"
      },
      "log": {
        "_logger": {
          "category": "DurationEvent",
          "context": {},
          "callStackSkipIndex": 0
        },
        "_filelogger": {
          "category": "debug-file",
          "context": {},
          "callStackSkipIndex": 0
        },
        "anonymizeFileLogger": {
          "fileLogger": {
            "category": "debug-file",
            "context": {},
            "callStackSkipIndex": 0
          }
        }
      }
    },
    {
      "head": {
        "id": "a92707da-c7fe-426b-91a2-ee5e842d64c1",
        "name": "\"buildFinished\" hook function",
        "description": "",
        "type": "log"
      },
      "body": {
        "pid": 988,
        "tid": "Main Thread",
        "startTime": 1664864696600,
        "endTime": 1664864715300
      },
      "additional": {
        "logType": "info",
        "children": [],
        "durationId": "a70a575d-645d-4c25-9526-8273ccf006be"
      }
    },
    {
      "head": {
        "id": "7ee7f909-0751-40f8-86e8-00b7d8c10364",
        "name": "",
        "description": "",
        "type": "mark"
      },
      "body": {
        "pid": 988,
        "tid": "Main Thread",
        "startTime": 1664819601700,
        "endTime": 1664864771800
      },
      "additional": {
        "time": {
          "year": 2025,
          "month": 12,
          "day": 17,
          "hour": 15,
          "minute": 42
        },
        "completeCommand": "{\"completeCommand\":\"--sync -p product=default --analyze=normal --parallel --incremental --daemon\",\"parallel\":true,\"prop\":[\"product=default\"],\"incremental\":true,\"sync\":true,\"_\":[],\"daemon\":true,\"analyze\":\"normal\"};--sync -p product=default --analyze=normal --parallel --incremental --daemon",
        "hvigorVersion": "5.13.2",
        "markType": "history",
        "nodeVersion": "v18.20.1",
        "category": "build",
        "state": "failed"
      }
    },
    {
      "head": {
        "id": "127aef19-169f-4c7a-9722-53084097d2ba",
        "name": "BUILD FAILED in 46 ms ",
        "description": "",
        "type": "log"
      },
      "body": {
        "pid": 988,
        "tid": "Main Thread",
        "startTime": 1664864792200
      },
      "additional": {
        "logType": "error",
        "children": []
      }
    }
  ],
  "workLog": []
}