{
  "version": "2.0",
  "ppid": 22256,
  "events": [
    {
      "head": {
        "id": "5965a37d-2878-474b-9c1b-a8ca0ededb39",
        "name": "hvigor build process will be closed.",
        "description": "",
        "type": "log"
      },
      "body": {
        "pid": 988,
        "tid": "Main Thread",
        "startTime": 1664877712100
      },
      "additional": {
        "logType": "debug",
        "children": []
      }
    },
    {
      "head": {
        "id": "855a1d7c-7d0f-41a7-9fe9-267a788759dd",
        "name": "watch worker: worker id should be larger than 0. Nothing will be sent to any worker thread.",
        "description": "",
        "type": "log"
      },
      "body": {
        "pid": 988,
        "tid": "Main Thread",
        "startTime": 1664883656200
      },
      "additional": {
        "logType": "debug",
        "children": []
      }
    },
    {
      "head": {
        "id": "9d85f616-df68-4a7f-83e0-4b627b95059e",
        "name": "watch worker: worker id should be larger than 0. Nothing will be sent to any worker thread.",
        "description": "",
        "type": "log"
      },
      "body": {
        "pid": 988,
        "tid": "Main Thread",
        "startTime": 1664884051300
      },
      "additional": {
        "logType": "debug",
        "children": []
      }
    },
    {
      "head": {
        "id": "d8585f5d-5040-4efb-aa5f-668c6f2f6a12",
        "name": "watch worker: worker id should be larger than 0. Nothing will be sent to any worker thread.",
        "description": "",
        "type": "log"
      },
      "body": {
        "pid": 988,
        "tid": "Main Thread",
        "startTime": 1679044713500
      },
      "additional": {
        "logType": "debug",
        "children": []
      }
    },
    {
      "head": {
        "id": "047fedd7-1b18-4d9a-ab19-f4827c2047db",
        "name": "init",
        "description": "Initialize and build task graph.",
        "type": "duration"
      },
      "body": {
        "pid": 988,
        "tid": "Main Thread",
        "startTime": 1679050206400
      },
      "additional": {
        "children": [
          "8c5a6ac5-5215-4be6-9155-d2ab5b440fc1",
          "dc5b31be-9611-403d-acef-180de8a67bcd",
          "d0518821-5f10-441b-9ea7-061f39717a31",
          "726f0021-d409-4709-bb5b-861e261dcd85",
          "fb47d4cd-322e-4132-adbe-1966346e18d6",
          "3d29485c-e757-4722-a036-eb45dc02224b"
        ],
        "state": "running",
        "targetName": "",
        "moduleName": "",
        "category": "Init",
        "taskRunReasons": []
      },
      "log": {
        "_logger": {
          "category": "DurationEvent",
          "context": {},
          "callStackSkipIndex": 0
        },
        "_filelogger": {
          "category": "debug-file",
          "context": {},
          "callStackSkipIndex": 0
        },
        "anonymizeFileLogger": {
          "fileLogger": {
            "category": "debug-file",
            "context": {},
            "callStackSkipIndex": 0
          }
        }
      }
    },
    {
      "head": {
        "id": "8c5a6ac5-5215-4be6-9155-d2ab5b440fc1",
        "name": "create hvigor project model",
        "description": "Initialize hvigor project model.",
        "type": "duration"
      },
      "body": {
        "pid": 988,
        "tid": "Main Thread",
        "startTime": 1679050207500,
        "endTime": 1679061494200
      },
      "additional": {
        "children": [],
        "state": "success",
        "targetName": "",
        "moduleName": "",
        "category": "",
        "taskRunReasons": [],
        "parent": "047fedd7-1b18-4d9a-ab19-f4827c2047db",
        "logId": "32b57841-4a8f-4000-b2cd-adbb934e9bae"
      },
      "log": {
        "_logger": {
          "category": "DurationEvent",
          "context": {},
          "callStackSkipIndex": 0
        },
        "_filelogger": {
          "category": "debug-file",
          "context": {},
          "callStackSkipIndex": 0
        },
        "anonymizeFileLogger": {
          "fileLogger": {
            "category": "debug-file",
            "context": {},
            "callStackSkipIndex": 0
          }
        }
      }
    },
    {
      "head": {
        "id": "dc5b31be-9611-403d-acef-180de8a67bcd",
        "name": "configure hvigor plugin",
        "description": "Configure hvigor plugin.",
        "type": "duration"
      },
      "body": {
        "pid": 988,
        "tid": "Main Thread",
        "startTime": 1679061505200
      },
      "additional": {
        "children": [
          "32723955-5adb-4770-9d7a-fa3cb8e3edfc",
          "4203349b-7023-49f8-82ab-563e6c5b2159",
          "988b937b-3236-4dd7-9423-da024bf4c4df",
          "05552e73-f267-4734-8f95-9d42cd6a88c5",
          "66583d3c-fbcc-4ed6-ac1e-8d073e10d80e",
          "30861e75-4289-4ac8-8bca-c5ed1ed4fd94",
          "68ab2253-0a38-4833-8847-b86747c2845f",
          "29142d93-44f0-4ba5-a424-47a6f18850ee"
        ],
        "state": "running",
        "targetName": "",
        "moduleName": "",
        "category": "",
        "taskRunReasons": [],
        "parent": "047fedd7-1b18-4d9a-ab19-f4827c2047db"
      },
      "log": {
        "_logger": {
          "category": "DurationEvent",
          "context": {},
          "callStackSkipIndex": 0
        },
        "_filelogger": {
          "category": "debug-file",
          "context": {},
          "callStackSkipIndex": 0
        },
        "anonymizeFileLogger": {
          "fileLogger": {
            "category": "debug-file",
            "context": {},
            "callStackSkipIndex": 0
          }
        }
      }
    },
    {
      "head": {
        "id": "fb47d4cd-322e-4132-adbe-1966346e18d6",
        "name": "\"configEvaluated\" hook function",
        "description": "",
        "type": "duration"
      },
      "body": {
        "pid": 988,
        "tid": "Main Thread",
        "startTime": 1679053245100,
        "endTime": 1679053273100
      },
      "additional": {
        "children": [],
        "state": "success",
        "targetName": "",
        "moduleName": "",
        "category": "",
        "taskRunReasons": [],
        "parent": "047fedd7-1b18-4d9a-ab19-f4827c2047db",
        "logId": "8898bc76-492e-4111-8f32-bec1fd4f2eee"
      },
      "log": {
        "_logger": {
          "category": "DurationEvent",
          "context": {},
          "callStackSkipIndex": 0
        },
        "_filelogger": {
          "category": "debug-file",
          "context": {},
          "callStackSkipIndex": 0
        },
        "anonymizeFileLogger": {
          "fileLogger": {
            "category": "debug-file",
            "context": {},
            "callStackSkipIndex": 0
          }
        }
      }
    },
    {
      "head": {
        "id": "8898bc76-492e-4111-8f32-bec1fd4f2eee",
        "name": "\"configEvaluated\" hook function",
        "description": "",
        "type": "log"
      },
      "body": {
        "pid": 988,
        "tid": "Main Thread",
        "startTime": 1679053245100,
        "endTime": 1679053273100
      },
      "additional": {
        "logType": "info",
        "children": [],
        "durationId": "fb47d4cd-322e-4132-adbe-1966346e18d6"
      }
    },
    {
      "head": {
        "id": "3d29485c-e757-4722-a036-eb45dc02224b",
        "name": "\"nodesInitialized\" hook function",
        "description": "",
        "type": "duration"
      },
      "body": {
        "pid": 988,
        "tid": "Main Thread",
        "startTime": 1679057888600,
        "endTime": 1679057902400
      },
      "additional": {
        "children": [],
        "state": "success",
        "targetName": "",
        "moduleName": "",
        "category": "",
        "taskRunReasons": [],
        "parent": "047fedd7-1b18-4d9a-ab19-f4827c2047db",
        "logId": "dfea11c4-b0a2-4096-8776-921793313910"
      },
      "log": {
        "_logger": {
          "category": "DurationEvent",
          "context": {},
          "callStackSkipIndex": 0
        },
        "_filelogger": {
          "category": "debug-file",
          "context": {},
          "callStackSkipIndex": 0
        },
        "anonymizeFileLogger": {
          "fileLogger": {
            "category": "debug-file",
            "context": {},
            "callStackSkipIndex": 0
          }
        }
      }
    },
    {
      "head": {
        "id": "dfea11c4-b0a2-4096-8776-921793313910",
        "name": "\"nodesInitialized\" hook function",
        "description": "",
        "type": "log"
      },
      "body": {
        "pid": 988,
        "tid": "Main Thread",
        "startTime": 1679057888600,
        "endTime": 1679057902400
      },
      "additional": {
        "logType": "info",
        "children": [],
        "durationId": "3d29485c-e757-4722-a036-eb45dc02224b"
      }
    },
    {
      "head": {
        "id": "f09c083e-6f88-4a66-a47c-f47f486b6ec5",
        "name": "Hvigor init with startParameters:{\n  hvigorfileTypeCheck: false,\n  parallelExecution: true,\n  incrementalExecution: true,\n  printStackTrace: false,\n  daemon: true,\n  analyze: 0,\n  logLevel: Level { level: 20000, levelStr: 'INFO', colour: 'green' }\n}",
        "description": "",
        "type": "log"
      },
      "body": {
        "pid": 988,
        "tid": "Main Thread",
        "startTime": 1679057976700
      },
      "additional": {
        "logType": "debug",
        "children": []
      }
    },
    {
      "head": {
        "id": "cfc134f2-6119-44f2-ad83-876427b36d50",
        "name": "Cache service initialization finished in 4 ms ",
        "description": "",
        "type": "log"
      },
      "body": {
        "pid": 988,
        "tid": "Main Thread",
        "startTime": 1679061412700
      },
      "additional": {
        "logType": "debug",
        "children": []
      }
    },
    {
      "head": {
        "id": "32b57841-4a8f-4000-b2cd-adbb934e9bae",
        "name": "create hvigor project model",
        "description": "",
        "type": "log"
      },
      "body": {
        "pid": 988,
        "tid": "Main Thread",
        "startTime": 1679050207500,
        "endTime": 1679061494200
      },
      "additional": {
        "logType": "info",
        "children": [],
        "durationId": "8c5a6ac5-5215-4be6-9155-d2ab5b440fc1"
      }
    },
    {
      "head": {
        "id": "32723955-5adb-4770-9d7a-fa3cb8e3edfc",
        "name": "init configuration",
        "description": "Initialize configuration.",
        "type": "duration"
      },
      "body": {
        "pid": 988,
        "tid": "Main Thread",
        "startTime": 1679067578700,
        "endTime": 1679067585600
      },
      "additional": {
        "children": [],
        "state": "success",
        "targetName": "",
        "moduleName": "",
        "category": "",
        "taskRunReasons": [],
        "parent": "dc5b31be-9611-403d-acef-180de8a67bcd",
        "logId": "f8d4377d-783b-45f3-942a-f5db53227a86"
      },
      "log": {
        "_logger": {
          "category": "DurationEvent",
          "context": {},
          "callStackSkipIndex": 0
        },
        "_filelogger": {
          "category": "debug-file",
          "context": {},
          "callStackSkipIndex": 0
        },
        "anonymizeFileLogger": {
          "fileLogger": {
            "category": "debug-file",
            "context": {},
            "callStackSkipIndex": 0
          }
        }
      }
    },
    {
      "head": {
        "id": "4203349b-7023-49f8-82ab-563e6c5b2159",
        "name": "configure project task",
        "description": "Configure project task.",
        "type": "duration"
      },
      "body": {
        "pid": 988,
        "tid": "Main Thread",
        "startTime": 1679067598200,
        "endTime": 1679071131300
      },
      "additional": {
        "children": [],
        "state": "success",
        "targetName": "",
        "moduleName": "",
        "category": "",
        "taskRunReasons": [],
        "parent": "dc5b31be-9611-403d-acef-180de8a67bcd",
        "logId": "2ceb4948-f22a-486a-b955-fd32cedb6b7f"
      },
      "log": {
        "_logger": {
          "category": "DurationEvent",
          "context": {},
          "callStackSkipIndex": 0
        },
        "_filelogger": {
          "category": "debug-file",
          "context": {},
          "callStackSkipIndex": 0
        },
        "anonymizeFileLogger": {
          "fileLogger": {
            "category": "debug-file",
            "context": {},
            "callStackSkipIndex": 0
          }
        }
      }
    },
    {
      "head": {
        "id": "988b937b-3236-4dd7-9423-da024bf4c4df",
        "name": "eval project",
        "description": "Evaluate project.",
        "type": "duration"
      },
      "body": {
        "pid": 988,
        "tid": "Main Thread",
        "startTime": 1679071138500
      },
      "additional": {
        "children": [
          "dc380412-39ee-4b11-a8fb-4bbc9d5536e6",
          "95a290ff-a0d9-409e-8890-e0bbffbb1725"
        ],
        "state": "running",
        "targetName": "",
        "moduleName": "",
        "category": "",
        "taskRunReasons": [],
        "parent": "dc5b31be-9611-403d-acef-180de8a67bcd"
      },
      "log": {
        "_logger": {
          "category": "DurationEvent",
          "context": {},
          "callStackSkipIndex": 0
        },
        "_filelogger": {
          "category": "debug-file",
          "context": {},
          "callStackSkipIndex": 0
        },
        "anonymizeFileLogger": {
          "fileLogger": {
            "category": "debug-file",
            "context": {},
            "callStackSkipIndex": 0
          }
        }
      }
    },
    {
      "head": {
        "id": "f8d4377d-783b-45f3-942a-f5db53227a86",
        "name": "init configuration",
        "description": "",
        "type": "log"
      },
      "body": {
        "pid": 988,
        "tid": "Main Thread",
        "startTime": 1679067578700,
        "endTime": 1679067585600
      },
      "additional": {
        "logType": "info",
        "children": [],
        "durationId": "32723955-5adb-4770-9d7a-fa3cb8e3edfc"
      }
    },
    {
      "head": {
        "id": "2ceb4948-f22a-486a-b955-fd32cedb6b7f",
        "name": "configure project task",
        "description": "",
        "type": "log"
      },
      "body": {
        "pid": 988,
        "tid": "Main Thread",
        "startTime": 1679067598200,
        "endTime": 1679071131300
      },
      "additional": {
        "logType": "info",
        "children": [],
        "durationId": "4203349b-7023-49f8-82ab-563e6c5b2159"
      }
    },
    {
      "head": {
        "id": "dc380412-39ee-4b11-a8fb-4bbc9d5536e6",
        "name": "\"beforeNodeEvaluate\" hook function",
        "description": "",
        "type": "duration"
      },
      "body": {
        "pid": 988,
        "tid": "Main Thread",
        "startTime": 1679071582200,
        "endTime": 1679071595600
      },
      "additional": {
        "children": [],
        "state": "success",
        "targetName": "",
        "moduleName": "",
        "category": "",
        "taskRunReasons": [],
        "parent": "988b937b-3236-4dd7-9423-da024bf4c4df",
        "logId": "f223f388-8b9c-48e8-a74a-07f7cd1be9ff"
      },
      "log": {
        "_logger": {
          "category": "DurationEvent",
          "context": {},
          "callStackSkipIndex": 0
        },
        "_filelogger": {
          "category": "debug-file",
          "context": {},
          "callStackSkipIndex": 0
        },
        "anonymizeFileLogger": {
          "fileLogger": {
            "category": "debug-file",
            "context": {},
            "callStackSkipIndex": 0
          }
        }
      }
    },
    {
      "head": {
        "id": "f223f388-8b9c-48e8-a74a-07f7cd1be9ff",
        "name": "\"beforeNodeEvaluate\" hook function",
        "description": "",
        "type": "log"
      },
      "body": {
        "pid": 988,
        "tid": "Main Thread",
        "startTime": 1679071582200,
        "endTime": 1679071595600
      },
      "additional": {
        "logType": "info",
        "children": [],
        "durationId": "dc380412-39ee-4b11-a8fb-4bbc9d5536e6"
      }
    },
    {
      "head": {
        "id": "95a290ff-a0d9-409e-8890-e0bbffbb1725",
        "name": "eval hvigorfile",
        "description": "Evaluate hvigorfile.",
        "type": "duration"
      },
      "body": {
        "pid": 988,
        "tid": "Main Thread",
        "startTime": 1679074205200
      },
      "additional": {
        "children": [
          "e7102123-9db3-4bd4-8402-6f738e5ef948",
          "f0983646-015d-4963-9ad0-ccca27372c77"
        ],
        "state": "running",
        "targetName": "",
        "moduleName": "",
        "category": "",
        "taskRunReasons": [],
        "parent": "988b937b-3236-4dd7-9423-da024bf4c4df"
      },
      "log": {
        "_logger": {
          "category": "DurationEvent",
          "context": {},
          "callStackSkipIndex": 0
        },
        "_filelogger": {
          "category": "debug-file",
          "context": {},
          "callStackSkipIndex": 0
        },
        "anonymizeFileLogger": {
          "fileLogger": {
            "category": "debug-file",
            "context": {},
            "callStackSkipIndex": 0
          }
        }
      }
    },
    {
      "head": {
        "id": "e7102123-9db3-4bd4-8402-6f738e5ef948",
        "name": "require hvigorfile",
        "description": "Require hvigorfile.",
        "type": "duration"
      },
      "body": {
        "pid": 988,
        "tid": "Main Thread",
        "startTime": 1679074206000,
        "endTime": 1679079724600
      },
      "additional": {
        "children": [],
        "state": "success",
        "targetName": "",
        "moduleName": "",
        "category": "",
        "taskRunReasons": [],
        "parent": "95a290ff-a0d9-409e-8890-e0bbffbb1725",
        "logId": "a9124d47-c91a-4afe-9b5e-6bd53093a4f5"
      },
      "log": {
        "_logger": {
          "category": "DurationEvent",
          "context": {},
          "callStackSkipIndex": 0
        },
        "_filelogger": {
          "category": "debug-file",
          "context": {},
          "callStackSkipIndex": 0
        },
        "anonymizeFileLogger": {
          "fileLogger": {
            "category": "debug-file",
            "context": {},
            "callStackSkipIndex": 0
          }
        }
      }
    },
    {
      "head": {
        "id": "f0983646-015d-4963-9ad0-ccca27372c77",
        "name": "bind plugins",
        "description": "Bind plugins.",
        "type": "duration"
      },
      "body": {
        "pid": 988,
        "tid": "Main Thread",
        "startTime": 1679079734200
      },
      "additional": {
        "children": [],
        "state": "running",
        "targetName": "",
        "moduleName": "",
        "category": "",
        "taskRunReasons": [],
        "parent": "95a290ff-a0d9-409e-8890-e0bbffbb1725"
      },
      "log": {
        "_logger": {
          "category": "DurationEvent",
          "context": {},
          "callStackSkipIndex": 0
        },
        "_filelogger": {
          "category": "debug-file",
          "context": {},
          "callStackSkipIndex": 0
        },
        "anonymizeFileLogger": {
          "fileLogger": {
            "category": "debug-file",
            "context": {},
            "callStackSkipIndex": 0
          }
        }
      }
    },
    {
      "head": {
        "id": "2fcfcf98-a7c7-43b9-b13c-1bc8cbedaaaa",
        "name": "hvigorfile, resolving E:\\hamony\\MyApplication\\hvigorfile.ts",
        "description": "",
        "type": "log"
      },
      "body": {
        "pid": 988,
        "tid": "Main Thread",
        "startTime": 1679074210700
      },
      "additional": {
        "logType": "debug",
        "children": []
      }
    },
    {
      "head": {
        "id": "1536fd81-1f11-467f-aac2-fb853a477907",
        "name": "hvigorfile, require result:  { default: { system: [Function: appTasks], plugins: [] } }",
        "description": "",
        "type": "log"
      },
      "body": {
        "pid": 988,
        "tid": "Main Thread",
        "startTime": 1679079647500
      },
      "additional": {
        "logType": "debug",
        "children": []
      }
    },
    {
      "head": {
        "id": "a9124d47-c91a-4afe-9b5e-6bd53093a4f5",
        "name": "require hvigorfile",
        "description": "",
        "type": "log"
      },
      "body": {
        "pid": 988,
        "tid": "Main Thread",
        "startTime": 1679074206000,
        "endTime": 1679079724600
      },
      "additional": {
        "logType": "info",
        "children": [],
        "durationId": "e7102123-9db3-4bd4-8402-6f738e5ef948"
      }
    },
    {
      "head": {
        "id": "05797d89-0df3-41ab-b420-4c3d117ffc03",
        "name": "hvigorfile, binding system plugins [Function: appTasks]",
        "description": "",
        "type": "log"
      },
      "body": {
        "pid": 988,
        "tid": "Main Thread",
        "startTime": 1679079741700
      },
      "additional": {
        "logType": "debug",
        "children": []
      }
    },
    {
      "head": {
        "id": "2250265b-b742-4ce5-aa86-b206e0620d2d",
        "name": "Start initialize project's product build option map with build mode debug.",
        "description": "",
        "type": "log"
      },
      "body": {
        "pid": 988,
        "tid": "Main Thread",
        "startTime": 1679084409900
      },
      "additional": {
        "logType": "debug",
        "children": []
      }
    },
    {
      "head": {
        "id": "aca84fb1-a94b-4073-8904-f524df5c14c0",
        "name": "Picking option from product 'default' with build mode 'debug'.",
        "description": "",
        "type": "log"
      },
      "body": {
        "pid": 988,
        "tid": "Main Thread",
        "startTime": 1679084494700
      },
      "additional": {
        "logType": "debug",
        "children": []
      }
    },
    {
      "head": {
        "id": "1cb6f13d-211f-4fba-8601-dfaf9451efaf",
        "name": "Product 'default' build option: {}",
        "description": "",
        "type": "log"
      },
      "body": {
        "pid": 988,
        "tid": "Main Thread",
        "startTime": 1679084543500
      },
      "additional": {
        "logType": "debug",
        "children": []
      }
    },
    {
      "head": {
        "id": "116055c9-dda5-468d-9ed2-1b2ccb1435a9",
        "name": "End initialize project's product build option map with build mode 'debug'.",
        "description": "",
        "type": "log"
      },
      "body": {
        "pid": 988,
        "tid": "Main Thread",
        "startTime": 1679084609400
      },
      "additional": {
        "logType": "debug",
        "children": []
      }
    },
    {
      "head": {
        "id": "40d2d07a-dedc-41a0-949f-ad6ad2abf9b1",
        "name": "Product 'default' using build option: {\n  \"debuggable\": true\n} in this build.",
        "description": "",
        "type": "log"
      },
      "body": {
        "pid": 988,
        "tid": "Main Thread",
        "startTime": 1679087389700
      },
      "additional": {
        "logType": "debug",
        "children": []
      }
    },
    {
      "head": {
        "id": "7304907d-e702-46bd-8328-bc7a4cd1ad01",
        "name": "No signingConfig found, initRemoteHspCache failed.",
        "description": "",
        "type": "log"
      },
      "body": {
        "pid": 988,
        "tid": "Main Thread",
        "startTime": 1679089993700
      },
      "additional": {
        "logType": "debug",
        "children": []
      }
    },
    {
      "head": {
        "id": "c178eaaa-a757-47a0-bc13-dea4099f2bd6",
        "name": "hvigor build process will be closed with an error.",
        "description": "",
        "type": "log"
      },
      "body": {
        "pid": 988,
        "tid": "Main Thread",
        "startTime": 1679091438100
      },
      "additional": {
        "logType": "debug",
        "children": []
      }
    },
    {
      "head": {
        "id": "4e026a21-2ccd-48d0-8587-ea795ddc0458",
        "name": "ERROR: stacktrace = Error: Unable to find 'sdk.dir' in 'local.properties' or 'OHOS_BASE_SDK_HOME' in the system environment path.\r\n\t at E:\\hamony\\MyApplication\\local.properties\n    at OhosLogger.errorMessageExit (E:\\hamony\\DevEco Studio\\tools\\hvigor\\hvigor\\src\\base\\log\\hvigor-log.js:1:3222)\n    at OhosLogger._printErrorAndExit (E:\\hamony\\DevEco Studio\\tools\\hvigor\\hvigor-ohos-plugin\\src\\utils\\log\\ohos-logger.js:1:1931)\n    at Property.validatePath (E:\\hamony\\DevEco Studio\\tools\\hvigor\\hvigor-ohos-plugin\\src\\sdk\\lib\\property-get.js:1:2516)\n    at Property.getSdkDir (E:\\hamony\\DevEco Studio\\tools\\hvigor\\hvigor-ohos-plugin\\src\\sdk\\lib\\property-get.js:1:1287)\n    at OhosSdkLoader.validateCache (E:\\hamony\\DevEco Studio\\tools\\hvigor\\hvigor-ohos-plugin\\src\\sdk\\ohos-sdk-loader.js:1:2330)\n    at OhosSdkLoader.getOhosSdkComponents (E:\\hamony\\DevEco Studio\\tools\\hvigor\\hvigor-ohos-plugin\\src\\sdk\\ohos-sdk-loader.js:1:1050)\n    at OhosSdkInfo.setup (E:\\hamony\\DevEco Studio\\tools\\hvigor\\hvigor-ohos-plugin\\src\\sdk\\info\\ohos-sdk-info.js:1:1235)\n    at ProjectTaskService.setup (E:\\hamony\\DevEco Studio\\tools\\hvigor\\hvigor-ohos-plugin\\src\\tasks\\service\\project-task-service.js:1:2338)\n    at ProjectImpl.<anonymous> (E:\\hamony\\DevEco Studio\\tools\\hvigor\\hvigor-ohos-plugin\\src\\plugin\\factory\\plugin-factory.js:1:2427)\n    at ProjectImpl.executeAfterBindSystemPluginsHook (E:\\hamony\\DevEco Studio\\tools\\hvigor\\hvigor\\src\\base\\internal\\lifecycle\\hvigor-node-impl\\default-node-impl.js:1:5256)",
        "description": "",
        "type": "log"
      },
      "body": {
        "pid": 988,
        "tid": "Main Thread",
        "startTime": 1679091600500
      },
      "additional": {
        "logType": "debug",
        "children": []
      }
    },
    {
      "head": {
        "id": "e2a33204-56e3-4118-86c9-4528e751f707",
        "name": "\"buildFinished\" hook function",
        "description": "",
        "type": "duration"
      },
      "body": {
        "pid": 988,
        "tid": "Main Thread",
        "startTime": 1679098621600,
        "endTime": 1679098643100
      },
      "additional": {
        "children": [],
        "state": "success",
        "targetName": "",
        "moduleName": "",
        "category": "",
        "taskRunReasons": [],
        "parent": "9d975ef7-1bf6-44bf-88d0-27bf2d863487",
        "logId": "f64ef9ad-ebbf-4c15-8770-d5892b94a333"
      },
      "log": {
        "_logger": {
          "category": "DurationEvent",
          "context": {},
          "callStackSkipIndex": 0
        },
        "_filelogger": {
          "category": "debug-file",
          "context": {},
          "callStackSkipIndex": 0
        },
        "anonymizeFileLogger": {
          "fileLogger": {
            "category": "debug-file",
            "context": {},
            "callStackSkipIndex": 0
          }
        }
      }
    },
    {
      "head": {
        "id": "f64ef9ad-ebbf-4c15-8770-d5892b94a333",
        "name": "\"buildFinished\" hook function",
        "description": "",
        "type": "log"
      },
      "body": {
        "pid": 988,
        "tid": "Main Thread",
        "startTime": 1679098621600,
        "endTime": 1679098643100
      },
      "additional": {
        "logType": "info",
        "children": [],
        "durationId": "e2a33204-56e3-4118-86c9-4528e751f707"
      }
    },
    {
      "head": {
        "id": "d2e7818d-000c-4601-b996-b555197b2732",
        "name": "",
        "description": "",
        "type": "mark"
      },
      "body": {
        "pid": 988,
        "tid": "Main Thread",
        "startTime": 1679047450700,
        "endTime": 1679098701300
      },
      "additional": {
        "time": {
          "year": 2025,
          "month": 12,
          "day": 17,
          "hour": 15,
          "minute": 42
        },
        "completeCommand": "{\"completeCommand\":\"--sync -p product=default --analyze=normal --parallel --incremental --daemon\",\"parallel\":true,\"prop\":[\"product=default\"],\"incremental\":true,\"sync\":true,\"_\":[],\"daemon\":true,\"analyze\":\"normal\"};--sync -p product=default --analyze=normal --parallel --incremental --daemon",
        "hvigorVersion": "5.13.2",
        "markType": "history",
        "nodeVersion": "v18.20.1",
        "category": "build",
        "state": "failed"
      }
    },
    {
      "head": {
        "id": "05761d80-609b-4afa-8ef0-9e3fc87336c3",
        "name": "BUILD FAILED in 52 ms ",
        "description": "",
        "type": "log"
      },
      "body": {
        "pid": 988,
        "tid": "Main Thread",
        "startTime": 1679098720700
      },
      "additional": {
        "logType": "error",
        "children": []
      }
    }
  ],
  "workLog": []
}