{
  "HVIGOR_OHOS_PLUGIN": {
    "MODULES": [
      {
        "MODULE_NAME": "1043bfc77febe75fafec0c4309faccf1",
        "API_TYPE": "stageMode",
        "INCREMENTAL_TASKS": {
          "COMPILE_ARKTS": true
        }
      }
    ],
    "BUILD_MODE": "debug",
    "USE_NORMALIZED_OHMURL": true
  },
  "HVIGOR": {
    "IS_INCREMENTAL": true,
    "IS_DAEMON": true,
    "IS_PARALLEL": true,
    "IS_HVIGORFILE_TYPE_CHECK": false,
    "TASK_TIME": {
      "1043bfc77febe75fafec0c4309faccf1": {
        "ConfigureCmake": 199500,
        "PreCheckSyscap": 293700,
        "ProcessIntegratedHsp": 3764300,
        "BuildNativeWithCmake": 1233800,
        "BuildNativeWithNinja": 987200,
        "BuildJS": 8175900,
        "CompileArkTS": 6599735000,
        "PackageHap": 484964300,
        "SignHap": 226402400,
        "assembleHap": 183100
      }
    },
    "TOTAL_TIME": 7812086300,
    "BUILD_ID": "202512171614238440"
  }
}