{"CACHE_SYNC_FILE_HASH":{"E:\\hamony\\MyApplication\\.hvigor\\outputs\\sync\\output.json":"164886e44d3f6df995a233f2ba83e0fa8ac0c5aa7f705312e7ba8dd7ebe96d44","E:\\hamony\\MyApplication\\oh-package.json5":"17c7e6c6249c9ba8994594171f739ad6b4455ef09ff08e63facd3954177570df","E:\\hamony\\MyApplication\\entry\\build-profile.json5":"81e8cd871c672ed4e210faf1bed19e262d627f55cf0a0a4b8005b0b80134ef13","E:\\hamony\\MyApplication\\build-profile.json5":"4db9adb491ac98b72e6bf34304a4ab00578eeea31aec3d616c30ab17d00fdafa","SDK_LOCATION":"E:/hamony/DevEco Studio/sdk","E:\\hamony\\MyApplication\\hvigor\\hvigor-config.json5":"ca1a3e0fec1f461a665c1ec7ccedcc55504d569b46b732391809d548a7275d55","E:\\hamony\\MyApplication\\hvigorfile.ts":"e24273ca14dbf426acdff4f11c9848a9955cfd81ec0b3b0b7b22b7e0a4b55649","E:\\hamony\\MyApplication\\entry\\hvigorfile.ts":"36026a0fdc631137f13adf95dbb87f6d802a9024f159e8816a5ffdf2c82cca07","E:\\hamony\\MyApplication\\entry\\oh-package.json5":"c7de959443a25d592d0311ba4d9e1588fcddafe1eb8d68d53cdb80e6452ac695"},"OHPM_INSTALL_FILE_HASH":{"E:\\hamony\\MyApplication\\oh-package.json5":"17c7e6c6249c9ba8994594171f739ad6b4455ef09ff08e63facd3954177570df","E:\\hamony\\MyApplication\\entry\\oh_modules":false,"E:\\hamony\\MyApplication\\oh_modules":true,"E:\\hamony\\MyApplication\\entry\\oh-package.json5":"c7de959443a25d592d0311ba4d9e1588fcddafe1eb8d68d53cdb80e6452ac695"}}