{
  "ohos-module-entry": {
    "SELECT_TARGET": "default",
    "MODULE_BUILD_DIR": "E:\\hamony\\MyApplication\\entry\\build",
    "DEPENDENCY_INFO": {},
    "TARGETS": {
      "default": {
        "SOURCE_ROOT": "E:\\hamony\\MyApplication\\entry\\src\\main",
        "RESOURCES_PATH": [
          "E:\\hamony\\MyApplication\\entry\\src\\main\\resources"
        ],
        "BUILD_PATH": {
          "OUTPUT_PATH": "E:\\hamony\\MyApplication\\entry\\build\\default\\outputs\\default",
          "INTERMEDIA_PATH": "E:\\hamony\\MyApplication\\entry\\build\\default\\intermediates",
          "JS_ASSETS_PATH": "E:\\hamony\\MyApplication\\entry\\build\\default\\intermediates\\loader_out\\default",
          "JS_LITE_ASSETS_PATH": "E:\\hamony\\MyApplication\\entry\\build\\default\\intermediates\\loader_out_lite\\default",
          "RES_PATH": "E:\\hamony\\MyApplication\\entry\\build\\default\\intermediates\\res\\default",
          "RES_PROFILE_PATH": "E:\\hamony\\MyApplication\\entry\\build\\default\\intermediates\\res\\default\\resources\\base\\profile",
          "ETS_SUPER_VISUAL_PATH": "E:\\hamony\\MyApplication\\entry\\build\\default\\cache\\default\\default@CompileArkTS\\esmodule",
          "JS_SUPER_VISUAL_PATH": "E:\\hamony\\MyApplication\\entry\\build\\default\\cache\\default\\default@CompileJS\\jsbundle",
          "WORKER_LOADER": "E:\\hamony\\MyApplication\\entry\\build\\default\\intermediates\\loader\\default\\loader.json",
          "MANIFEST_JSON": "E:\\hamony\\MyApplication\\entry\\build\\default\\intermediates\\manifest\\default",
          "OUTPUT_METADATA_JSON": "E:\\hamony\\MyApplication\\entry\\build\\default\\intermediates\\hap_metadata\\default\\output_metadata.json"
        },
        "BUILD_OPTION": {
          "debuggable": true
        }
      },
      "ohosTest": {
        "SOURCE_ROOT": "E:\\hamony\\MyApplication\\entry\\src\\ohosTest",
        "RESOURCES_PATH": [
          "E:\\hamony\\MyApplication\\entry\\src\\ohosTest\\resources"
        ],
        "BUILD_PATH": {
          "OUTPUT_PATH": "E:\\hamony\\MyApplication\\entry\\build\\default\\outputs\\ohosTest",
          "INTERMEDIA_PATH": "E:\\hamony\\MyApplication\\entry\\build\\default\\intermediates",
          "JS_ASSETS_PATH": "E:\\hamony\\MyApplication\\entry\\build\\default\\intermediates\\loader_out\\ohosTest",
          "JS_LITE_ASSETS_PATH": "E:\\hamony\\MyApplication\\entry\\build\\default\\intermediates\\loader_out_lite\\ohosTest",
          "RES_PATH": "E:\\hamony\\MyApplication\\entry\\build\\default\\intermediates\\res\\ohosTest",
          "RES_PROFILE_PATH": "E:\\hamony\\MyApplication\\entry\\build\\default\\intermediates\\res\\ohosTest\\resources\\base\\profile",
          "ETS_SUPER_VISUAL_PATH": "E:\\hamony\\MyApplication\\entry\\build\\default\\cache\\ohosTest\\ohosTest@OhosTestCompileArkTS\\esmodule",
          "JS_SUPER_VISUAL_PATH": "E:\\hamony\\MyApplication\\entry\\build\\default\\cache\\ohosTest\\ohosTest@OhosTestCompileJS\\jsbundle",
          "WORKER_LOADER": "E:\\hamony\\MyApplication\\entry\\build\\default\\intermediates\\loader\\ohosTest\\loader.json",
          "MANIFEST_JSON": "E:\\hamony\\MyApplication\\entry\\build\\default\\intermediates\\manifest\\ohosTest",
          "OUTPUT_METADATA_JSON": "E:\\hamony\\MyApplication\\entry\\build\\default\\intermediates\\hap_metadata\\ohosTest\\output_metadata.json"
        },
        "BUILD_OPTION": {
          "debuggable": true
        }
      }
    },
    "BUILD_OPTION": {
      "default-default": {
        "debuggable": true,
        "copyFrom": "default",
        "strictMode": {
          "caseSensitiveCheck": true,
          "useNormalizedOHMUrl": true
        },
        "name": "debug"
      }
    },
    "BUILD_PROFILE_OPT": {
      "apiType": "stageMode",
      "buildOption": {},
      "buildOptionSet": [
        {
          "name": "release",
          "arkOptions": {
            "obfuscation": {
              "ruleOptions": {
                "enable": false,
                "files": [
                  "./obfuscation-rules.txt"
                ]
              }
            }
          }
        },
        {
          "name": "default"
        },
        {
          "name": "debug"
        }
      ],
      "targets": [
        {
          "name": "default"
        },
        {
          "name": "ohosTest"
        }
      ]
    }
  },
  "ohos-project": {
    "SELECT_PRODUCT_NAME": "default",
    "MODULE_BUILD_DIR": "E:\\hamony\\MyApplication\\build",
    "BUNDLE_NAME": "com.example.myapplication",
    "BUILD_PATH": {
      "OUTPUT_PATH": "E:\\hamony\\MyApplication\\build\\outputs\\default"
    },
    "MODULES": [
      {
        "name": "entry",
        "srcPath": "E:\\hamony\\MyApplication\\entry",
        "targets": [
          {
            "name": "default",
            "applyToProducts": [
              "default"
            ]
          }
        ],
        "belongProjectPath": "E:\\hamony\\MyApplication"
      }
    ],
    "PROFILE_OPT": {
      "app": {
        "signingConfigs": [
          {
            "name": "default",
            "material": {
              "certpath": "C:/Users/86152/.ohos/config/openharmony/default_MyApplication_xd5KoGBMVBicExir2ocwHyg_8LjZoopW3vPx4XercKU=.cer",
              "storePassword": "0000001B22E403942FA0EC07CB1E0BE8A1C0C5920268165A22E63A5194E9BD558BB4F0B585D72F20A150CC",
              "keyAlias": "debugKey",
              "keyPassword": "0000001B0C8D39ADC5934C0105896B617897E49B1F7F715763668C18C4C47698308571F8C764B38D587B86",
              "profile": "C:/Users/86152/.ohos/config/openharmony/default_MyApplication_xd5KoGBMVBicExir2ocwHyg_8LjZoopW3vPx4XercKU=.p7b",
              "signAlg": "SHA256withECDSA",
              "storeFile": "C:/Users/86152/.ohos/config/openharmony/default_MyApplication_xd5KoGBMVBicExir2ocwHyg_8LjZoopW3vPx4XercKU=.p12"
            }
          }
        ],
        "products": [
          {
            "name": "default",
            "signingConfig": "default",
            "compileSdkVersion": 12,
            "compatibleSdkVersion": 12,
            "runtimeOS": "OpenHarmony",
            "buildOption": {
              "strictMode": {
                "caseSensitiveCheck": true,
                "useNormalizedOHMUrl": true
              }
            }
          }
        ],
        "buildModeSet": [
          {
            "name": "debug"
          },
          {
            "name": "release"
          }
        ]
      },
      "modules": [
        {
          "name": "entry",
          "srcPath": "./entry",
          "targets": [
            {
              "name": "default",
              "applyToProducts": [
                "default"
              ]
            }
          ]
        }
      ]
    },
    "CONFIG_PROPERTIES": {
      "enableSignTask": true,
      "skipNativeIncremental": false,
      "hvigor.keepDependency": true
    },
    "OVERALL_PROJECT_PATHS": [
      "E:\\hamony\\MyApplication"
    ]
  },
  "version": 1
}