{"E:\\hamony\\MyApplication\\AppScope\\app.json5":{"hashValue":"25f7e01fece373015d81a8ab9778d2ad","name":"app.json5","path":"E:\\hamony\\MyApplication\\AppScope\\app.json5","type":"file","isSymbolicLink":false,"fileMetaData":{"size":220,"lastModifiedTime":1765956045166}},"E:\\hamony\\MyApplication\\entry\\src\\main\\module.json5":{"hashValue":"c4b524ce31752fe5de89a769fb95cac1","name":"module.json5","path":"E:\\hamony\\MyApplication\\entry\\src\\main\\module.json5","type":"file","isSymbolicLink":false,"fileMetaData":{"size":1940,"lastModifiedTime":1765956291347}},"E:\\hamony\\MyApplication\\entry\\src\\main\\resources\\base\\profile\\form_config.json":{"hashValue":"db9a81a3a1b513a9098ff993d4a0e504","name":"form_config.json","path":"E:\\hamony\\MyApplication\\entry\\src\\main\\resources\\base\\profile\\form_config.json","type":"file","isSymbolicLink":false,"fileMetaData":{"size":495,"lastModifiedTime":1765956273101}},"E:\\hamony\\MyApplication\\build-profile.json5":{"hashValue":"57d78941c60a4290af4c2d89bb1f889e","name":"build-profile.json5","path":"E:\\hamony\\MyApplication\\build-profile.json5","type":"file","isSymbolicLink":false,"fileMetaData":{"size":1589,"lastModifiedTime":1765958196442}},"E:\\hamony\\MyApplication\\entry\\build-profile.json5":{"hashValue":"41ada98689c9353636df7e591a7c1f5a","name":"build-profile.json5","path":"E:\\hamony\\MyApplication\\entry\\build-profile.json5","type":"file","isSymbolicLink":false,"fileMetaData":{"size":449,"lastModifiedTime":1765956045883}},"E:\\hamony\\MyApplication\\entry\\src\\main\\resources\\base\\profile\\main_pages.json":{"hashValue":"901e984bdb92d4405c4e7fa84dd13ad0","name":"main_pages.json","path":"E:\\hamony\\MyApplication\\entry\\src\\main\\resources\\base\\profile\\main_pages.json","type":"file","isSymbolicLink":false,"fileMetaData":{"size":37,"lastModifiedTime":1765956291380}},"E:\\hamony\\MyApplication\\hvigor\\hvigor-config.json5":{"hashValue":"4e3bba6784299a0578621da6f1daaedc","name":"hvigor-config.json5","path":"E:\\hamony\\MyApplication\\hvigor\\hvigor-config.json5","type":"file","isSymbolicLink":false,"fileMetaData":{"size":1323,"lastModifiedTime":1765956042632}},"E:\\hamony\\MyApplication\\entry\\src\\mock\\mock-config.json5":{"hashValue":"42b948c29d61e2f97857e3a29ca681ff","name":"mock-config.json5","path":"E:\\hamony\\MyApplication\\entry\\src\\mock\\mock-config.json5","type":"file","isSymbolicLink":false,"fileMetaData":{"size":3,"lastModifiedTime":1765956042867}},"E:\\hamony\\MyApplication\\entry\\oh-package.json5":{"hashValue":"b012121acfcad9ec9c09d9cdb49d5aed","name":"oh-package.json5","path":"E:\\hamony\\MyApplication\\entry\\oh-package.json5","type":"file","isSymbolicLink":false,"fileMetaData":{"size":183,"lastModifiedTime":1765956042696}},"E:\\hamony\\MyApplication\\entry\\build\\default\\intermediates\\hap_metadata\\default\\output_metadata.json":{"hashValue":"ea379e71caec641a7233c22c7b20b0c0","name":"output_metadata.json","path":"E:\\hamony\\MyApplication\\entry\\build\\default\\intermediates\\hap_metadata\\default\\output_metadata.json","type":"file","isSymbolicLink":false,"fileMetaData":{"size":114,"lastModifiedTime":1765958209573}},"E:\\hamony\\MyApplication\\entry\\build\\default\\intermediates\\merge_profile\\default\\module.json":{"hashValue":"813f5eba9f785fefa3f44f28077f9a1c","name":"module.json","path":"E:\\hamony\\MyApplication\\entry\\build\\default\\intermediates\\merge_profile\\default\\module.json","type":"file","isSymbolicLink":false,"fileMetaData":{"size":1583,"lastModifiedTime":1765958209603}},"E:\\hamony\\MyApplication\\entry\\build\\default\\generated\\profile\\default\\BuildProfile.ets":{"hashValue":"5f1ef842f5d581b244c152ba6c6bf42f","name":"BuildProfile.ets","path":"E:\\hamony\\MyApplication\\entry\\build\\default\\generated\\profile\\default\\BuildProfile.ets","type":"file","isSymbolicLink":false,"fileMetaData":{"size":868,"lastModifiedTime":1765958209609}},"E:\\hamony\\MyApplication\\entry\\build\\default\\intermediates\\loader\\default\\pkgContextInfo.json":{"hashValue":"53c34beb5fa2d5c40b2c69b4c2c0711f","name":"pkgContextInfo.json","path":"E:\\hamony\\MyApplication\\entry\\build\\default\\intermediates\\loader\\default\\pkgContextInfo.json","type":"file","isSymbolicLink":false,"fileMetaData":{"size":444,"lastModifiedTime":1765956658915}},"E:\\hamony\\MyApplication\\entry\\build\\default\\outputs\\default\\pack.info":{"hashValue":"34f25fdb9d9f63ecd2021c4c7f89244a","name":"pack.info","path":"E:\\hamony\\MyApplication\\entry\\build\\default\\outputs\\default\\pack.info","type":"file","isSymbolicLink":false,"fileMetaData":{"size":781,"lastModifiedTime":1765958209645}},"E:\\hamony\\MyApplication\\entry\\build\\default\\intermediates\\process_profile\\default\\module.json":{"hashValue":"04a456c8af73dfb40495b3f2a90b0eee","name":"module.json","path":"E:\\hamony\\MyApplication\\entry\\build\\default\\intermediates\\process_profile\\default\\module.json","type":"file","isSymbolicLink":false,"fileMetaData":{"size":1669,"lastModifiedTime":1765958211387}},"E:\\hamony\\DevEco Studio\\sdk\\default\\openharmony\\toolchains\\syscap_tool.exe":{"hashValue":"a680f2849b6dc96578725315acf821b5","name":"syscap_tool.exe","path":"E:\\hamony\\DevEco Studio\\sdk\\default\\openharmony\\toolchains\\syscap_tool.exe","type":"file","isSymbolicLink":false,"fileMetaData":{"size":346112,"lastModifiedTime":1734072436000}},"E:\\hamony\\DevEco Studio\\sdk\\default\\openharmony\\ets\\api\\device-define":{"hashValue":"f8f06a640f6aa1e3b4e18d648a60a71c","name":"device-define","path":"E:\\hamony\\DevEco Studio\\sdk\\default\\openharmony\\ets\\api\\device-define","type":"directory","isSymbolicLink":false,"children":[{"hashValue":"aa5b4dd200efd177072b02773390b7e4","name":"default.json","path":"E:\\hamony\\DevEco Studio\\sdk\\default\\openharmony\\ets\\api\\device-define\\default.json","type":"file","isSymbolicLink":false,"fileMetaData":{"size":12419,"lastModifiedTime":1734072436000}},{"hashValue":"6ed5247865000aa2a65e234957060856","name":"liteWearable.json","path":"E:\\hamony\\DevEco Studio\\sdk\\default\\openharmony\\ets\\api\\device-define\\liteWearable.json","type":"file","isSymbolicLink":false,"fileMetaData":{"size":883,"lastModifiedTime":1734072436000}},{"hashValue":"73a7fc851c151bb735607c02127101a5","name":"tablet.json","path":"E:\\hamony\\DevEco Studio\\sdk\\default\\openharmony\\ets\\api\\device-define\\tablet.json","type":"file","isSymbolicLink":false,"fileMetaData":{"size":11932,"lastModifiedTime":1734072436000}},{"hashValue":"6d7ff84e7101d43f1eb09a2630ec9334","name":"wearable.json","path":"E:\\hamony\\DevEco Studio\\sdk\\default\\openharmony\\ets\\api\\device-define\\wearable.json","type":"file","isSymbolicLink":false,"fileMetaData":{"size":12071,"lastModifiedTime":1734072436000}}]},"E:\\hamony\\MyApplication\\oh-package.json5":{"hashValue":"1e310ab4535cf6080c56ecf1df762f69","name":"oh-package.json5","path":"E:\\hamony\\MyApplication\\oh-package.json5","type":"file","isSymbolicLink":false,"fileMetaData":{"size":210,"lastModifiedTime":1765956045903}},"E:\\hamony\\MyApplication\\entry\\build\\default\\intermediates\\router_map\\default\\temp-router-map.json":{"hashValue":"813420ea05be61039441a90c13bc35ce","name":"temp-router-map.json","path":"E:\\hamony\\MyApplication\\entry\\build\\default\\intermediates\\router_map\\default\\temp-router-map.json","type":"file","isSymbolicLink":false,"fileMetaData":{"size":16,"lastModifiedTime":1765956660536}},"E:\\hamony\\MyApplication\\entry\\build\\default\\intermediates\\router_map\\default\\loader-router-map.json":{"hashValue":"9de8655bcc2d177e2394fffe7069abeb","name":"loader-router-map.json","path":"E:\\hamony\\MyApplication\\entry\\build\\default\\intermediates\\router_map\\default\\loader-router-map.json","type":"file","isSymbolicLink":false,"fileMetaData":{"size":16,"lastModifiedTime":1765956660537}},"E:\\hamony\\MyApplication\\entry\\build\\default\\intermediates\\res\\default\\resConfig.json":{"hashValue":"a973fd045cb4a01e91ecaecbc9d3cb17","name":"resConfig.json","path":"E:\\hamony\\MyApplication\\entry\\build\\default\\intermediates\\res\\default\\resConfig.json","type":"file","isSymbolicLink":false,"fileMetaData":{"size":895,"lastModifiedTime":1765958211426}},"E:\\hamony\\MyApplication\\entry\\build\\default\\intermediates\\res\\default\\opt-compression.json":{"hashValue":"771cb62859a7cb283f8fa20ea6b620f8","name":"opt-compression.json","path":"E:\\hamony\\MyApplication\\entry\\build\\default\\intermediates\\res\\default\\opt-compression.json","type":"file","isSymbolicLink":false,"fileMetaData":{"size":87,"lastModifiedTime":1765958211425}},"E:\\hamony\\MyApplication\\entry\\build\\default\\intermediates\\loader\\default\\loader.json":{"hashValue":"06666cdde28b5347c314113942a3a60d","name":"loader.json","path":"E:\\hamony\\MyApplication\\entry\\build\\default\\intermediates\\loader\\default\\loader.json","type":"file","isSymbolicLink":false,"fileMetaData":{"size":730,"lastModifiedTime":1765958211455}},"E:\\hamony\\MyApplication\\entry\\build\\default\\intermediates\\loader\\default\\widget_loader.json":{"hashValue":"a49750792bf52d116d9b43edfbc8ca56","name":"widget_loader.json","path":"E:\\hamony\\MyApplication\\entry\\build\\default\\intermediates\\loader\\default\\widget_loader.json","type":"file","isSymbolicLink":false,"fileMetaData":{"size":730,"lastModifiedTime":1765958211456}},"E:\\hamony\\MyApplication\\entry\\build\\default\\intermediates\\libs\\default":{"hashValue":"","name":"default","path":"E:\\hamony\\MyApplication\\entry\\build\\default\\intermediates\\libs\\default","type":"directory","isSymbolicLink":false,"children":[]},"E:\\hamony\\MyApplication\\entry\\src\\main\\resources":{"hashValue":"59e403b0cf4fe939c6c36d37d63e5c10","name":"resources","path":"E:\\hamony\\MyApplication\\entry\\src\\main\\resources","type":"directory","isSymbolicLink":false,"children":[{"hashValue":"6cb5258323dcaae381497c6440e5132d","name":"base","path":"E:\\hamony\\MyApplication\\entry\\src\\main\\resources\\base","type":"directory","isSymbolicLink":false,"children":[{"hashValue":"34f098e9a938aa0ac1f210a5c3819bc4","name":"element","path":"E:\\hamony\\MyApplication\\entry\\src\\main\\resources\\base\\element","type":"directory","isSymbolicLink":false,"children":[{"hashValue":"34a022b7dc098ba991b445112867e4d5","name":"color.json","path":"E:\\hamony\\MyApplication\\entry\\src\\main\\resources\\base\\element\\color.json","type":"file","isSymbolicLink":false,"fileMetaData":{"size":98,"lastModifiedTime":1765956291367}},{"hashValue":"f83b91dc056c8a05258c95f96889ed1a","name":"float.json","path":"E:\\hamony\\MyApplication\\entry\\src\\main\\resources\\base\\element\\float.json","type":"file","isSymbolicLink":false,"fileMetaData":{"size":81,"lastModifiedTime":1765956272974}},{"hashValue":"2020d152098ec286e83ae80cab5849ea","name":"string.json","path":"E:\\hamony\\MyApplication\\entry\\src\\main\\resources\\base\\element\\string.json","type":"file","isSymbolicLink":false,"fileMetaData":{"size":414,"lastModifiedTime":1765956291374}}]},{"hashValue":"c569118ee9dbe032ffb88ae10e88cecc","name":"media","path":"E:\\hamony\\MyApplication\\entry\\src\\main\\resources\\base\\media","type":"directory","isSymbolicLink":false,"children":[{"hashValue":"67506cce4da4b442cd71485be1d4c5f6","name":"background.png","path":"E:\\hamony\\MyApplication\\entry\\src\\main\\resources\\base\\media\\background.png","type":"file","isSymbolicLink":false,"fileMetaData":{"size":57364,"lastModifiedTime":1765956042987}},{"hashValue":"8f305e408682cefeb9c33e66bac75ff0","name":"checked.png","path":"E:\\hamony\\MyApplication\\entry\\src\\main\\resources\\base\\media\\checked.png","type":"file","isSymbolicLink":false,"fileMetaData":{"size":8737,"lastModifiedTime":1765956273009}},{"hashValue":"b8bd2f30a3b35e7d5b9f8408676609ba","name":"equal.png","path":"E:\\hamony\\MyApplication\\entry\\src\\main\\resources\\base\\media\\equal.png","type":"file","isSymbolicLink":false,"fileMetaData":{"size":3205,"lastModifiedTime":1765956273016}},{"hashValue":"acc0ecb78990e5d619e5de5feca7da6a","name":"foreground.png","path":"E:\\hamony\\MyApplication\\entry\\src\\main\\resources\\base\\media\\foreground.png","type":"file","isSymbolicLink":false,"fileMetaData":{"size":12430,"lastModifiedTime":1765956042993}},{"hashValue":"cefb64e1cc3a8cfb331f20b3b274725e","name":"ic_back.png","path":"E:\\hamony\\MyApplication\\entry\\src\\main\\resources\\base\\media\\ic_back.png","type":"file","isSymbolicLink":false,"fileMetaData":{"size":1274,"lastModifiedTime":1765956273016}},{"hashValue":"25c6656a037e5b4c1791c7931a1335cb","name":"ic_cal_delete_c.svg","path":"E:\\hamony\\MyApplication\\entry\\src\\main\\resources\\base\\media\\ic_cal_delete_c.svg","type":"file","isSymbolicLink":false,"fileMetaData":{"size":1993,"lastModifiedTime":1765956273023}},{"hashValue":"64f005799fd57be8a0acced2d6b5c70f","name":"ic_cal_delete.svg","path":"E:\\hamony\\MyApplication\\entry\\src\\main\\resources\\base\\media\\ic_cal_delete.svg","type":"file","isSymbolicLink":false,"fileMetaData":{"size":2432,"lastModifiedTime":1765956273021}},{"hashValue":"ac785b6d9b51abc55c71d2d08edf14c7","name":"ic_cal_division.svg","path":"E:\\hamony\\MyApplication\\entry\\src\\main\\resources\\base\\media\\ic_cal_division.svg","type":"file","isSymbolicLink":false,"fileMetaData":{"size":1494,"lastModifiedTime":1765956273027}},{"hashValue":"d64ed9cf2d1e46a74bb9cb4460c2456c","name":"ic_cal_eight.svg","path":"E:\\hamony\\MyApplication\\entry\\src\\main\\resources\\base\\media\\ic_cal_eight.svg","type":"file","isSymbolicLink":false,"fileMetaData":{"size":3093,"lastModifiedTime":1765956273029}},{"hashValue":"b56874cdbe979777973a7f1a15c2caee","name":"ic_cal_equal.svg","path":"E:\\hamony\\MyApplication\\entry\\src\\main\\resources\\base\\media\\ic_cal_equal.svg","type":"file","isSymbolicLink":false,"fileMetaData":{"size":1895,"lastModifiedTime":1765956273029}},{"hashValue":"a0040928fc3027379aaef7b2d7d4ff46","name":"ic_cal_five.svg","path":"E:\\hamony\\MyApplication\\entry\\src\\main\\resources\\base\\media\\ic_cal_five.svg","type":"file","isSymbolicLink":false,"fileMetaData":{"size":2015,"lastModifiedTime":1765956273037}},{"hashValue":"df67e95a0d895b15be007a3f5e6293fd","name":"ic_cal_four.svg","path":"E:\\hamony\\MyApplication\\entry\\src\\main\\resources\\base\\media\\ic_cal_four.svg","type":"file","isSymbolicLink":false,"fileMetaData":{"size":1027,"lastModifiedTime":1765956273038}},{"hashValue":"5a86105980ae038cbfb9506deea79d9f","name":"ic_cal_minus.svg","path":"E:\\hamony\\MyApplication\\entry\\src\\main\\resources\\base\\media\\ic_cal_minus.svg","type":"file","isSymbolicLink":false,"fileMetaData":{"size":760,"lastModifiedTime":1765956273041}},{"hashValue":"7044866592bf60b9836df7adcf2ef1fd","name":"ic_cal_multiply.svg","path":"E:\\hamony\\MyApplication\\entry\\src\\main\\resources\\base\\media\\ic_cal_multiply.svg","type":"file","isSymbolicLink":false,"fileMetaData":{"size":1563,"lastModifiedTime":1765956273043}},{"hashValue":"c4374b6ce3f227ca2a1192ace6583d31","name":"ic_cal_nine.svg","path":"E:\\hamony\\MyApplication\\entry\\src\\main\\resources\\base\\media\\ic_cal_nine.svg","type":"file","isSymbolicLink":false,"fileMetaData":{"size":2267,"lastModifiedTime":1765956273047}},{"hashValue":"468717d9ad5dc19918cd2d6d1eebf3e2","name":"ic_cal_one.svg","path":"E:\\hamony\\MyApplication\\entry\\src\\main\\resources\\base\\media\\ic_cal_one.svg","type":"file","isSymbolicLink":false,"fileMetaData":{"size":812,"lastModifiedTime":1765956273049}},{"hashValue":"59ef7aa24cae8ec3b24aca84ebf3b7d8","name":"ic_cal_percent.svg","path":"E:\\hamony\\MyApplication\\entry\\src\\main\\resources\\base\\media\\ic_cal_percent.svg","type":"file","isSymbolicLink":false,"fileMetaData":{"size":3518,"lastModifiedTime":1765956273055}},{"hashValue":"36f49438a5625da42db094cf185703f5","name":"ic_cal_plus.svg","path":"E:\\hamony\\MyApplication\\entry\\src\\main\\resources\\base\\media\\ic_cal_plus.svg","type":"file","isSymbolicLink":false,"fileMetaData":{"size":1360,"lastModifiedTime":1765956273059}},{"hashValue":"90cc22a45fbfec53bec974fa0302cb81","name":"ic_cal_point.svg","path":"E:\\hamony\\MyApplication\\entry\\src\\main\\resources\\base\\media\\ic_cal_point.svg","type":"file","isSymbolicLink":false,"fileMetaData":{"size":1183,"lastModifiedTime":1765956273062}},{"hashValue":"0966e3dcbd4f1de20c03d043ee9837d8","name":"ic_cal_seven.svg","path":"E:\\hamony\\MyApplication\\entry\\src\\main\\resources\\base\\media\\ic_cal_seven.svg","type":"file","isSymbolicLink":false,"fileMetaData":{"size":845,"lastModifiedTime":1765956273064}},{"hashValue":"80b9c929370ab27e8ef68a8a50f50d23","name":"ic_cal_six.svg","path":"E:\\hamony\\MyApplication\\entry\\src\\main\\resources\\base\\media\\ic_cal_six.svg","type":"file","isSymbolicLink":false,"fileMetaData":{"size":2182,"lastModifiedTime":1765956273067}},{"hashValue":"d870b97660e1acf75037de451c313d51","name":"ic_cal_three.svg","path":"E:\\hamony\\MyApplication\\entry\\src\\main\\resources\\base\\media\\ic_cal_three.svg","type":"file","isSymbolicLink":false,"fileMetaData":{"size":2456,"lastModifiedTime":1765956273069}},{"hashValue":"51ac6ef3e4da3a3bb34ab6688e194cdf","name":"ic_cal_two.svg","path":"E:\\hamony\\MyApplication\\entry\\src\\main\\resources\\base\\media\\ic_cal_two.svg","type":"file","isSymbolicLink":false,"fileMetaData":{"size":1741,"lastModifiedTime":1765956273073}},{"hashValue":"6bea84322ca9fee3c22b131e65734d00","name":"ic_cal_zero.svg","path":"E:\\hamony\\MyApplication\\entry\\src\\main\\resources\\base\\media\\ic_cal_zero.svg","type":"file","isSymbolicLink":false,"fileMetaData":{"size":2126,"lastModifiedTime":1765956273075}},{"hashValue":"86ccfff4f86ad236dd5e2277dc20db4d","name":"ic_hop_normal.png","path":"E:\\hamony\\MyApplication\\entry\\src\\main\\resources\\base\\media\\ic_hop_normal.png","type":"file","isSymbolicLink":false,"fileMetaData":{"size":550,"lastModifiedTime":1765956273082}},{"hashValue":"32642902feb35a039df881a100a2ef5f","name":"ic_hop.svg","path":"E:\\hamony\\MyApplication\\entry\\src\\main\\resources\\base\\media\\ic_hop.svg","type":"file","isSymbolicLink":false,"fileMetaData":{"size":4465,"lastModifiedTime":1765956273079}},{"hashValue":"841c5b23d868ce352da82cdfede433eb","name":"icon.png","path":"E:\\hamony\\MyApplication\\entry\\src\\main\\resources\\base\\media\\icon.png","type":"file","isSymbolicLink":false,"fileMetaData":{"size":24257,"lastModifiedTime":1765956273085}},{"hashValue":"47deaeda1a08f28663165cc76051b78b","name":"layered_image.json","path":"E:\\hamony\\MyApplication\\entry\\src\\main\\resources\\base\\media\\layered_image.json","type":"file","isSymbolicLink":false,"fileMetaData":{"size":109,"lastModifiedTime":1765956042997}},{"hashValue":"bfa1f8eb40579713f27424af9108cd98","name":"startIcon.png","path":"E:\\hamony\\MyApplication\\entry\\src\\main\\resources\\base\\media\\startIcon.png","type":"file","isSymbolicLink":false,"fileMetaData":{"size":20093,"lastModifiedTime":1765956043006}},{"hashValue":"df6046d84c7b21be7d67a27f19470310","name":"uncheck.png","path":"E:\\hamony\\MyApplication\\entry\\src\\main\\resources\\base\\media\\uncheck.png","type":"file","isSymbolicLink":false,"fileMetaData":{"size":6290,"lastModifiedTime":1765956273088}}]},{"hashValue":"6c9fa0738d6e65b435f4047a5c8f31ec","name":"profile","path":"E:\\hamony\\MyApplication\\entry\\src\\main\\resources\\base\\profile","type":"directory","isSymbolicLink":false,"children":[{"hashValue":"7785f41a431a8671478bde6538e5ab8e","name":"backup_config.json","path":"E:\\hamony\\MyApplication\\entry\\src\\main\\resources\\base\\profile\\backup_config.json","type":"file","isSymbolicLink":false,"fileMetaData":{"size":36,"lastModifiedTime":1765956043062}},{"hashValue":"db9a81a3a1b513a9098ff993d4a0e504","name":"form_config.json","path":"E:\\hamony\\MyApplication\\entry\\src\\main\\resources\\base\\profile\\form_config.json","type":"file","isSymbolicLink":false,"fileMetaData":{"size":495,"lastModifiedTime":1765956273101}},{"hashValue":"901e984bdb92d4405c4e7fa84dd13ad0","name":"main_pages.json","path":"E:\\hamony\\MyApplication\\entry\\src\\main\\resources\\base\\profile\\main_pages.json","type":"file","isSymbolicLink":false,"fileMetaData":{"size":37,"lastModifiedTime":1765956291380}}]}]},{"hashValue":"ee3f9cb0a3b1977ad25b831b2300311d","name":"dark","path":"E:\\hamony\\MyApplication\\entry\\src\\main\\resources\\dark","type":"directory","isSymbolicLink":false,"children":[{"hashValue":"2543ac2c95b195100339bedb2a946eab","name":"element","path":"E:\\hamony\\MyApplication\\entry\\src\\main\\resources\\dark\\element","type":"directory","isSymbolicLink":false,"children":[{"hashValue":"99d7345b66ac798d6249fe33df45c001","name":"color.json","path":"E:\\hamony\\MyApplication\\entry\\src\\main\\resources\\dark\\element\\color.json","type":"file","isSymbolicLink":false,"fileMetaData":{"size":105,"lastModifiedTime":1765956043044}}]}]},{"hashValue":"d810f19c52ece42d1447c1d8cfe72e0e","name":"en_US","path":"E:\\hamony\\MyApplication\\entry\\src\\main\\resources\\en_US","type":"directory","isSymbolicLink":false,"children":[{"hashValue":"eb341e366b15414fd6c8ca00535d0eb4","name":"element","path":"E:\\hamony\\MyApplication\\entry\\src\\main\\resources\\en_US\\element","type":"directory","isSymbolicLink":false,"children":[{"hashValue":"fb3bafac36aae291ff4989a1c3286549","name":"string.json","path":"E:\\hamony\\MyApplication\\entry\\src\\main\\resources\\en_US\\element\\string.json","type":"file","isSymbolicLink":false,"fileMetaData":{"size":419,"lastModifiedTime":1765956273128}}]}]},{"hashValue":"","name":"rawfile","path":"E:\\hamony\\MyApplication\\entry\\src\\main\\resources\\rawfile","type":"directory","isSymbolicLink":false,"children":[]},{"hashValue":"b1cd808bdd3c50d01af6969bfa0a9fbb","name":"zh_CN","path":"E:\\hamony\\MyApplication\\entry\\src\\main\\resources\\zh_CN","type":"directory","isSymbolicLink":false,"children":[{"hashValue":"a8d89d7b542231c65c6202a932f956f8","name":"element","path":"E:\\hamony\\MyApplication\\entry\\src\\main\\resources\\zh_CN\\element","type":"directory","isSymbolicLink":false,"children":[{"hashValue":"57c5320deaaaf91bcc7542c2a106e12b","name":"string.json","path":"E:\\hamony\\MyApplication\\entry\\src\\main\\resources\\zh_CN\\element\\string.json","type":"file","isSymbolicLink":false,"fileMetaData":{"size":412,"lastModifiedTime":1765956273144}}]}]}]},"E:\\hamony\\MyApplication\\AppScope\\resources":{"hashValue":"2eec66b68d07b06d24a8634d5afbfa25","name":"resources","path":"E:\\hamony\\MyApplication\\AppScope\\resources","type":"directory","isSymbolicLink":false,"children":[{"hashValue":"a1284b9043843c515484c0ba7dcbe1f7","name":"base","path":"E:\\hamony\\MyApplication\\AppScope\\resources\\base","type":"directory","isSymbolicLink":false,"children":[{"hashValue":"a52277556cde45b974db80ceb289cd54","name":"element","path":"E:\\hamony\\MyApplication\\AppScope\\resources\\base\\element","type":"directory","isSymbolicLink":false,"children":[{"hashValue":"3b2d0808f2deb1791811bf7c588f71c9","name":"string.json","path":"E:\\hamony\\MyApplication\\AppScope\\resources\\base\\element\\string.json","type":"file","isSymbolicLink":false,"fileMetaData":{"size":99,"lastModifiedTime":1765956042666}}]},{"hashValue":"b63734d60424a18490c90b12f61b7b8d","name":"media","path":"E:\\hamony\\MyApplication\\AppScope\\resources\\base\\media","type":"directory","isSymbolicLink":false,"children":[{"hashValue":"fa97ff9e9011d72bf4dc4001054c04ad","name":"app_icon.png","path":"E:\\hamony\\MyApplication\\AppScope\\resources\\base\\media\\app_icon.png","type":"file","isSymbolicLink":false,"fileMetaData":{"size":2777,"lastModifiedTime":1765956042656}}]}]}]},"E:\\hamony\\MyApplication\\entry\\build\\default\\intermediates\\res\\default":{"hashValue":"a271d6d90b4314b52f548e322336f351","name":"default","path":"E:\\hamony\\MyApplication\\entry\\build\\default\\intermediates\\res\\default","type":"directory","isSymbolicLink":false,"children":[{"hashValue":"e885df1d98da1d9299ee8dfdbbdc5948","name":".caches","path":"E:\\hamony\\MyApplication\\entry\\build\\default\\intermediates\\res\\default\\.caches","type":"directory","isSymbolicLink":false,"children":[{"hashValue":"62933a2951ef01f4eafd9bdf4d3cd2f0","name":"base","path":"E:\\hamony\\MyApplication\\entry\\build\\default\\intermediates\\res\\default\\.caches\\base","type":"directory","isSymbolicLink":false,"children":[{"hashValue":"","name":"media","path":"E:\\hamony\\MyApplication\\entry\\build\\default\\intermediates\\res\\default\\.caches\\base\\media","type":"directory","isSymbolicLink":false,"children":[]}]}]},{"hashValue":"db3b4ee62f08367a2e5e747e6ef7bc6e","name":"ids_map","path":"E:\\hamony\\MyApplication\\entry\\build\\default\\intermediates\\res\\default\\ids_map","type":"directory","isSymbolicLink":false,"children":[{"hashValue":"c7caa6bd769272386830cc108bffdfe6","name":"id_defined.json","path":"E:\\hamony\\MyApplication\\entry\\build\\default\\intermediates\\res\\default\\ids_map\\id_defined.json","type":"file","isSymbolicLink":false,"fileMetaData":{"size":3206,"lastModifiedTime":1765958212654}}]},{"hashValue":"1a344dcb747204fbadd16dc88c0b92fa","name":"module.json","path":"E:\\hamony\\MyApplication\\entry\\build\\default\\intermediates\\res\\default\\module.json","type":"file","isSymbolicLink":false,"fileMetaData":{"size":1908,"lastModifiedTime":1765958212652}},{"hashValue":"771cb62859a7cb283f8fa20ea6b620f8","name":"opt-compression.json","path":"E:\\hamony\\MyApplication\\entry\\build\\default\\intermediates\\res\\default\\opt-compression.json","type":"file","isSymbolicLink":false,"fileMetaData":{"size":87,"lastModifiedTime":1765958211425}},{"hashValue":"a973fd045cb4a01e91ecaecbc9d3cb17","name":"resConfig.json","path":"E:\\hamony\\MyApplication\\entry\\build\\default\\intermediates\\res\\default\\resConfig.json","type":"file","isSymbolicLink":false,"fileMetaData":{"size":895,"lastModifiedTime":1765958211426}},{"hashValue":"125ab56816f566874bbfdaf26615f339","name":"resources","path":"E:\\hamony\\MyApplication\\entry\\build\\default\\intermediates\\res\\default\\resources","type":"directory","isSymbolicLink":false,"children":[{"hashValue":"918339ed54c3e06341ba29f61ef0197c","name":"base","path":"E:\\hamony\\MyApplication\\entry\\build\\default\\intermediates\\res\\default\\resources\\base","type":"directory","isSymbolicLink":false,"children":[{"hashValue":"c64dae95ff6660d7ec66a610cd494162","name":"media","path":"E:\\hamony\\MyApplication\\entry\\build\\default\\intermediates\\res\\default\\resources\\base\\media","type":"directory","isSymbolicLink":false,"children":[{"hashValue":"fa97ff9e9011d72bf4dc4001054c04ad","name":"app_icon.png","path":"E:\\hamony\\MyApplication\\entry\\build\\default\\intermediates\\res\\default\\resources\\base\\media\\app_icon.png","type":"file","isSymbolicLink":false,"fileMetaData":{"size":2777,"lastModifiedTime":1765956042656}},{"hashValue":"67506cce4da4b442cd71485be1d4c5f6","name":"background.png","path":"E:\\hamony\\MyApplication\\entry\\build\\default\\intermediates\\res\\default\\resources\\base\\media\\background.png","type":"file","isSymbolicLink":false,"fileMetaData":{"size":57364,"lastModifiedTime":1765956042987}},{"hashValue":"8f305e408682cefeb9c33e66bac75ff0","name":"checked.png","path":"E:\\hamony\\MyApplication\\entry\\build\\default\\intermediates\\res\\default\\resources\\base\\media\\checked.png","type":"file","isSymbolicLink":false,"fileMetaData":{"size":8737,"lastModifiedTime":1765956273009}},{"hashValue":"b8bd2f30a3b35e7d5b9f8408676609ba","name":"equal.png","path":"E:\\hamony\\MyApplication\\entry\\build\\default\\intermediates\\res\\default\\resources\\base\\media\\equal.png","type":"file","isSymbolicLink":false,"fileMetaData":{"size":3205,"lastModifiedTime":1765956273016}},{"hashValue":"acc0ecb78990e5d619e5de5feca7da6a","name":"foreground.png","path":"E:\\hamony\\MyApplication\\entry\\build\\default\\intermediates\\res\\default\\resources\\base\\media\\foreground.png","type":"file","isSymbolicLink":false,"fileMetaData":{"size":12430,"lastModifiedTime":1765956042993}},{"hashValue":"cefb64e1cc3a8cfb331f20b3b274725e","name":"ic_back.png","path":"E:\\hamony\\MyApplication\\entry\\build\\default\\intermediates\\res\\default\\resources\\base\\media\\ic_back.png","type":"file","isSymbolicLink":false,"fileMetaData":{"size":1274,"lastModifiedTime":1765956273016}},{"hashValue":"25c6656a037e5b4c1791c7931a1335cb","name":"ic_cal_delete_c.svg","path":"E:\\hamony\\MyApplication\\entry\\build\\default\\intermediates\\res\\default\\resources\\base\\media\\ic_cal_delete_c.svg","type":"file","isSymbolicLink":false,"fileMetaData":{"size":1993,"lastModifiedTime":1765956273023}},{"hashValue":"64f005799fd57be8a0acced2d6b5c70f","name":"ic_cal_delete.svg","path":"E:\\hamony\\MyApplication\\entry\\build\\default\\intermediates\\res\\default\\resources\\base\\media\\ic_cal_delete.svg","type":"file","isSymbolicLink":false,"fileMetaData":{"size":2432,"lastModifiedTime":1765956273021}},{"hashValue":"ac785b6d9b51abc55c71d2d08edf14c7","name":"ic_cal_division.svg","path":"E:\\hamony\\MyApplication\\entry\\build\\default\\intermediates\\res\\default\\resources\\base\\media\\ic_cal_division.svg","type":"file","isSymbolicLink":false,"fileMetaData":{"size":1494,"lastModifiedTime":1765956273027}},{"hashValue":"d64ed9cf2d1e46a74bb9cb4460c2456c","name":"ic_cal_eight.svg","path":"E:\\hamony\\MyApplication\\entry\\build\\default\\intermediates\\res\\default\\resources\\base\\media\\ic_cal_eight.svg","type":"file","isSymbolicLink":false,"fileMetaData":{"size":3093,"lastModifiedTime":1765956273029}},{"hashValue":"b56874cdbe979777973a7f1a15c2caee","name":"ic_cal_equal.svg","path":"E:\\hamony\\MyApplication\\entry\\build\\default\\intermediates\\res\\default\\resources\\base\\media\\ic_cal_equal.svg","type":"file","isSymbolicLink":false,"fileMetaData":{"size":1895,"lastModifiedTime":1765956273029}},{"hashValue":"a0040928fc3027379aaef7b2d7d4ff46","name":"ic_cal_five.svg","path":"E:\\hamony\\MyApplication\\entry\\build\\default\\intermediates\\res\\default\\resources\\base\\media\\ic_cal_five.svg","type":"file","isSymbolicLink":false,"fileMetaData":{"size":2015,"lastModifiedTime":1765956273037}},{"hashValue":"df67e95a0d895b15be007a3f5e6293fd","name":"ic_cal_four.svg","path":"E:\\hamony\\MyApplication\\entry\\build\\default\\intermediates\\res\\default\\resources\\base\\media\\ic_cal_four.svg","type":"file","isSymbolicLink":false,"fileMetaData":{"size":1027,"lastModifiedTime":1765956273038}},{"hashValue":"5a86105980ae038cbfb9506deea79d9f","name":"ic_cal_minus.svg","path":"E:\\hamony\\MyApplication\\entry\\build\\default\\intermediates\\res\\default\\resources\\base\\media\\ic_cal_minus.svg","type":"file","isSymbolicLink":false,"fileMetaData":{"size":760,"lastModifiedTime":1765956273041}},{"hashValue":"7044866592bf60b9836df7adcf2ef1fd","name":"ic_cal_multiply.svg","path":"E:\\hamony\\MyApplication\\entry\\build\\default\\intermediates\\res\\default\\resources\\base\\media\\ic_cal_multiply.svg","type":"file","isSymbolicLink":false,"fileMetaData":{"size":1563,"lastModifiedTime":1765956273043}},{"hashValue":"c4374b6ce3f227ca2a1192ace6583d31","name":"ic_cal_nine.svg","path":"E:\\hamony\\MyApplication\\entry\\build\\default\\intermediates\\res\\default\\resources\\base\\media\\ic_cal_nine.svg","type":"file","isSymbolicLink":false,"fileMetaData":{"size":2267,"lastModifiedTime":1765956273047}},{"hashValue":"468717d9ad5dc19918cd2d6d1eebf3e2","name":"ic_cal_one.svg","path":"E:\\hamony\\MyApplication\\entry\\build\\default\\intermediates\\res\\default\\resources\\base\\media\\ic_cal_one.svg","type":"file","isSymbolicLink":false,"fileMetaData":{"size":812,"lastModifiedTime":1765956273049}},{"hashValue":"59ef7aa24cae8ec3b24aca84ebf3b7d8","name":"ic_cal_percent.svg","path":"E:\\hamony\\MyApplication\\entry\\build\\default\\intermediates\\res\\default\\resources\\base\\media\\ic_cal_percent.svg","type":"file","isSymbolicLink":false,"fileMetaData":{"size":3518,"lastModifiedTime":1765956273055}},{"hashValue":"36f49438a5625da42db094cf185703f5","name":"ic_cal_plus.svg","path":"E:\\hamony\\MyApplication\\entry\\build\\default\\intermediates\\res\\default\\resources\\base\\media\\ic_cal_plus.svg","type":"file","isSymbolicLink":false,"fileMetaData":{"size":1360,"lastModifiedTime":1765956273059}},{"hashValue":"90cc22a45fbfec53bec974fa0302cb81","name":"ic_cal_point.svg","path":"E:\\hamony\\MyApplication\\entry\\build\\default\\intermediates\\res\\default\\resources\\base\\media\\ic_cal_point.svg","type":"file","isSymbolicLink":false,"fileMetaData":{"size":1183,"lastModifiedTime":1765956273062}},{"hashValue":"0966e3dcbd4f1de20c03d043ee9837d8","name":"ic_cal_seven.svg","path":"E:\\hamony\\MyApplication\\entry\\build\\default\\intermediates\\res\\default\\resources\\base\\media\\ic_cal_seven.svg","type":"file","isSymbolicLink":false,"fileMetaData":{"size":845,"lastModifiedTime":1765956273064}},{"hashValue":"80b9c929370ab27e8ef68a8a50f50d23","name":"ic_cal_six.svg","path":"E:\\hamony\\MyApplication\\entry\\build\\default\\intermediates\\res\\default\\resources\\base\\media\\ic_cal_six.svg","type":"file","isSymbolicLink":false,"fileMetaData":{"size":2182,"lastModifiedTime":1765956273067}},{"hashValue":"d870b97660e1acf75037de451c313d51","name":"ic_cal_three.svg","path":"E:\\hamony\\MyApplication\\entry\\build\\default\\intermediates\\res\\default\\resources\\base\\media\\ic_cal_three.svg","type":"file","isSymbolicLink":false,"fileMetaData":{"size":2456,"lastModifiedTime":1765956273069}},{"hashValue":"51ac6ef3e4da3a3bb34ab6688e194cdf","name":"ic_cal_two.svg","path":"E:\\hamony\\MyApplication\\entry\\build\\default\\intermediates\\res\\default\\resources\\base\\media\\ic_cal_two.svg","type":"file","isSymbolicLink":false,"fileMetaData":{"size":1741,"lastModifiedTime":1765956273073}},{"hashValue":"6bea84322ca9fee3c22b131e65734d00","name":"ic_cal_zero.svg","path":"E:\\hamony\\MyApplication\\entry\\build\\default\\intermediates\\res\\default\\resources\\base\\media\\ic_cal_zero.svg","type":"file","isSymbolicLink":false,"fileMetaData":{"size":2126,"lastModifiedTime":1765956273075}},{"hashValue":"86ccfff4f86ad236dd5e2277dc20db4d","name":"ic_hop_normal.png","path":"E:\\hamony\\MyApplication\\entry\\build\\default\\intermediates\\res\\default\\resources\\base\\media\\ic_hop_normal.png","type":"file","isSymbolicLink":false,"fileMetaData":{"size":550,"lastModifiedTime":1765956273082}},{"hashValue":"32642902feb35a039df881a100a2ef5f","name":"ic_hop.svg","path":"E:\\hamony\\MyApplication\\entry\\build\\default\\intermediates\\res\\default\\resources\\base\\media\\ic_hop.svg","type":"file","isSymbolicLink":false,"fileMetaData":{"size":4465,"lastModifiedTime":1765956273079}},{"hashValue":"841c5b23d868ce352da82cdfede433eb","name":"icon.png","path":"E:\\hamony\\MyApplication\\entry\\build\\default\\intermediates\\res\\default\\resources\\base\\media\\icon.png","type":"file","isSymbolicLink":false,"fileMetaData":{"size":24257,"lastModifiedTime":1765956273085}},{"hashValue":"25108df22a8dcdc72ebe99468f97a34e","name":"layered_image.json","path":"E:\\hamony\\MyApplication\\entry\\build\\default\\intermediates\\res\\default\\resources\\base\\media\\layered_image.json","type":"file","isSymbolicLink":false,"fileMetaData":{"size":95,"lastModifiedTime":1765958212650}},{"hashValue":"bfa1f8eb40579713f27424af9108cd98","name":"startIcon.png","path":"E:\\hamony\\MyApplication\\entry\\build\\default\\intermediates\\res\\default\\resources\\base\\media\\startIcon.png","type":"file","isSymbolicLink":false,"fileMetaData":{"size":20093,"lastModifiedTime":1765956043006}},{"hashValue":"df6046d84c7b21be7d67a27f19470310","name":"uncheck.png","path":"E:\\hamony\\MyApplication\\entry\\build\\default\\intermediates\\res\\default\\resources\\base\\media\\uncheck.png","type":"file","isSymbolicLink":false,"fileMetaData":{"size":6290,"lastModifiedTime":1765956273088}}]},{"hashValue":"6c9fa0738d6e65b435f4047a5c8f31ec","name":"profile","path":"E:\\hamony\\MyApplication\\entry\\build\\default\\intermediates\\res\\default\\resources\\base\\profile","type":"directory","isSymbolicLink":false,"children":[{"hashValue":"7785f41a431a8671478bde6538e5ab8e","name":"backup_config.json","path":"E:\\hamony\\MyApplication\\entry\\build\\default\\intermediates\\res\\default\\resources\\base\\profile\\backup_config.json","type":"file","isSymbolicLink":false,"fileMetaData":{"size":36,"lastModifiedTime":1765956043062}},{"hashValue":"db9a81a3a1b513a9098ff993d4a0e504","name":"form_config.json","path":"E:\\hamony\\MyApplication\\entry\\build\\default\\intermediates\\res\\default\\resources\\base\\profile\\form_config.json","type":"file","isSymbolicLink":false,"fileMetaData":{"size":495,"lastModifiedTime":1765956273101}},{"hashValue":"901e984bdb92d4405c4e7fa84dd13ad0","name":"main_pages.json","path":"E:\\hamony\\MyApplication\\entry\\build\\default\\intermediates\\res\\default\\resources\\base\\profile\\main_pages.json","type":"file","isSymbolicLink":false,"fileMetaData":{"size":37,"lastModifiedTime":1765956291380}}]}]},{"hashValue":"","name":"rawfile","path":"E:\\hamony\\MyApplication\\entry\\build\\default\\intermediates\\res\\default\\resources\\rawfile","type":"directory","isSymbolicLink":false,"children":[]}]},{"hashValue":"91dd2e2e80c74b655549f4c19f2638f1","name":"resources.index","path":"E:\\hamony\\MyApplication\\entry\\build\\default\\intermediates\\res\\default\\resources.index","type":"file","isSymbolicLink":false,"fileMetaData":{"size":3966,"lastModifiedTime":1765958212653}},{"hashValue":"2fcf6c74c0f94d7794ef91fd7caf248e","name":"ResourceTable.txt","path":"E:\\hamony\\MyApplication\\entry\\build\\default\\intermediates\\res\\default\\ResourceTable.txt","type":"file","isSymbolicLink":false,"fileMetaData":{"size":1258,"lastModifiedTime":1765958212651}}]},"E:\\hamony\\MyApplication\\entry\\build\\default\\generated\\r\\default\\ResourceTable.h":{"hashValue":"0c22fff66ac9048995024a0102186227","name":"ResourceTable.h","path":"E:\\hamony\\MyApplication\\entry\\build\\default\\generated\\r\\default\\ResourceTable.h","type":"file","isSymbolicLink":false,"fileMetaData":{"size":2678,"lastModifiedTime":1765958212651}},"E:\\hamony\\MyApplication\\entry\\build\\default\\generated\\r\\default":{"hashValue":"143cb5b23ab0721588e321c9b1103a1a","name":"default","path":"E:\\hamony\\MyApplication\\entry\\build\\default\\generated\\r\\default","type":"directory","isSymbolicLink":false,"children":[{"hashValue":"0c22fff66ac9048995024a0102186227","name":"ResourceTable.h","path":"E:\\hamony\\MyApplication\\entry\\build\\default\\generated\\r\\default\\ResourceTable.h","type":"file","isSymbolicLink":false,"fileMetaData":{"size":2678,"lastModifiedTime":1765958212651}}]},"E:\\hamony\\MyApplication\\entry\\build\\default\\intermediates\\stripped_native_libs\\default":{"hashValue":"","name":"default","path":"E:\\hamony\\MyApplication\\entry\\build\\default\\intermediates\\stripped_native_libs\\default","type":"directory","isSymbolicLink":false,"children":[]},"E:\\hamony\\MyApplication\\entry\\build\\default\\intermediates\\patch\\default\\base_native_libs.json":{"hashValue":"da83fb765a2f8babc7e366c2af4bb961","name":"base_native_libs.json","path":"E:\\hamony\\MyApplication\\entry\\build\\default\\intermediates\\patch\\default\\base_native_libs.json","type":"file","isSymbolicLink":false,"fileMetaData":{"size":25,"lastModifiedTime":1765956662833}},"E:\\hamony\\MyApplication\\entry\\build\\default\\intermediates\\loader\\default":{"hashValue":"bbfc46c054159a81edc221607d7e4d68","name":"default","path":"E:\\hamony\\MyApplication\\entry\\build\\default\\intermediates\\loader\\default","type":"directory","isSymbolicLink":false,"children":[{"hashValue":"06666cdde28b5347c314113942a3a60d","name":"loader.json","path":"E:\\hamony\\MyApplication\\entry\\build\\default\\intermediates\\loader\\default\\loader.json","type":"file","isSymbolicLink":false,"fileMetaData":{"size":730,"lastModifiedTime":1765958211455}},{"hashValue":"53c34beb5fa2d5c40b2c69b4c2c0711f","name":"pkgContextInfo.json","path":"E:\\hamony\\MyApplication\\entry\\build\\default\\intermediates\\loader\\default\\pkgContextInfo.json","type":"file","isSymbolicLink":false,"fileMetaData":{"size":444,"lastModifiedTime":1765956658915}},{"hashValue":"a49750792bf52d116d9b43edfbc8ca56","name":"widget_loader.json","path":"E:\\hamony\\MyApplication\\entry\\build\\default\\intermediates\\loader\\default\\widget_loader.json","type":"file","isSymbolicLink":false,"fileMetaData":{"size":730,"lastModifiedTime":1765958211456}}]},"E:\\hamony\\MyApplication\\entry\\build\\default\\intermediates\\res\\default\\resources\\rawfile":{"hashValue":"","name":"rawfile","path":"E:\\hamony\\MyApplication\\entry\\build\\default\\intermediates\\res\\default\\resources\\rawfile","type":"directory","isSymbolicLink":false,"children":[]},"E:\\hamony\\MyApplication\\entry\\build\\default\\intermediates\\res\\default\\ResourceTable.txt":{"hashValue":"2fcf6c74c0f94d7794ef91fd7caf248e","name":"ResourceTable.txt","path":"E:\\hamony\\MyApplication\\entry\\build\\default\\intermediates\\res\\default\\ResourceTable.txt","type":"file","isSymbolicLink":false,"fileMetaData":{"size":1258,"lastModifiedTime":1765958212651}},"E:\\hamony\\MyApplication\\entry\\build\\default\\intermediates\\res\\default\\module.json":{"hashValue":"1a344dcb747204fbadd16dc88c0b92fa","name":"module.json","path":"E:\\hamony\\MyApplication\\entry\\build\\default\\intermediates\\res\\default\\module.json","type":"file","isSymbolicLink":false,"fileMetaData":{"size":1908,"lastModifiedTime":1765958212652}},"E:\\hamony\\MyApplication\\entry\\build\\default\\intermediates\\res\\default\\resources\\base\\profile":{"hashValue":"6c9fa0738d6e65b435f4047a5c8f31ec","name":"profile","path":"E:\\hamony\\MyApplication\\entry\\build\\default\\intermediates\\res\\default\\resources\\base\\profile","type":"directory","isSymbolicLink":false,"children":[{"hashValue":"7785f41a431a8671478bde6538e5ab8e","name":"backup_config.json","path":"E:\\hamony\\MyApplication\\entry\\build\\default\\intermediates\\res\\default\\resources\\base\\profile\\backup_config.json","type":"file","isSymbolicLink":false,"fileMetaData":{"size":36,"lastModifiedTime":1765956043062}},{"hashValue":"db9a81a3a1b513a9098ff993d4a0e504","name":"form_config.json","path":"E:\\hamony\\MyApplication\\entry\\build\\default\\intermediates\\res\\default\\resources\\base\\profile\\form_config.json","type":"file","isSymbolicLink":false,"fileMetaData":{"size":495,"lastModifiedTime":1765956273101}},{"hashValue":"901e984bdb92d4405c4e7fa84dd13ad0","name":"main_pages.json","path":"E:\\hamony\\MyApplication\\entry\\build\\default\\intermediates\\res\\default\\resources\\base\\profile\\main_pages.json","type":"file","isSymbolicLink":false,"fileMetaData":{"size":37,"lastModifiedTime":1765956291380}}]},"E:\\hamony\\MyApplication\\entry\\src\\main\\ets":{"hashValue":"70ae314dcfe3daa68b90a8ff5631cbb4","name":"ets","path":"E:\\hamony\\MyApplication\\entry\\src\\main\\ets","type":"directory","isSymbolicLink":false,"children":[{"hashValue":"1cef9fa554f1d0470db5272a6db74c59","name":"calc","path":"E:\\hamony\\MyApplication\\entry\\src\\main\\ets\\calc","type":"directory","isSymbolicLink":false,"children":[{"hashValue":"4f2b81653debd6bdf7fc69ed71af8f43","name":"pages","path":"E:\\hamony\\MyApplication\\entry\\src\\main\\ets\\calc\\pages","type":"directory","isSymbolicLink":false,"children":[{"hashValue":"792661196b363bec57a6df53ecb75220","name":"CardCalc.ets","path":"E:\\hamony\\MyApplication\\entry\\src\\main\\ets\\calc\\pages\\CardCalc.ets","type":"file","isSymbolicLink":false,"fileMetaData":{"size":12972,"lastModifiedTime":1765956272888}}]}]},{"hashValue":"605f7a77a6ef3ca0a49996354ff6eb4d","name":"entryability","path":"E:\\hamony\\MyApplication\\entry\\src\\main\\ets\\entryability","type":"directory","isSymbolicLink":false,"children":[{"hashValue":"ae94988f58223eb99dde56130653fe41","name":"EntryAbility.ets","path":"E:\\hamony\\MyApplication\\entry\\src\\main\\ets\\entryability\\EntryAbility.ets","type":"file","isSymbolicLink":false,"fileMetaData":{"size":1967,"lastModifiedTime":1765956291353}}]},{"hashValue":"9f879e21db5a06159f82c898d09ff412","name":"entrybackupability","path":"E:\\hamony\\MyApplication\\entry\\src\\main\\ets\\entrybackupability","type":"directory","isSymbolicLink":false,"children":[{"hashValue":"4208b3be4309eed2903f29e50f7fc346","name":"EntryBackupAbility.ets","path":"E:\\hamony\\MyApplication\\entry\\src\\main\\ets\\entrybackupability\\EntryBackupAbility.ets","type":"file","isSymbolicLink":false,"fileMetaData":{"size":436,"lastModifiedTime":1765956045908}}]},{"hashValue":"2dce185cda9749cb499185c52fadb625","name":"entryformability","path":"E:\\hamony\\MyApplication\\entry\\src\\main\\ets\\entryformability","type":"directory","isSymbolicLink":false,"children":[{"hashValue":"7a01a6aace16d0e0a6951d8bdeb8788a","name":"EntryFormAbility.ets","path":"E:\\hamony\\MyApplication\\entry\\src\\main\\ets\\entryformability\\EntryFormAbility.ets","type":"file","isSymbolicLink":false,"fileMetaData":{"size":1994,"lastModifiedTime":1765956272911}}]},{"hashValue":"de1598c357619894812d75b42da5a8f9","name":"model","path":"E:\\hamony\\MyApplication\\entry\\src\\main\\ets\\model","type":"directory","isSymbolicLink":false,"children":[{"hashValue":"912c07270da3a703f38a47d2474df433","name":"Logger.ets","path":"E:\\hamony\\MyApplication\\entry\\src\\main\\ets\\model\\Logger.ets","type":"file","isSymbolicLink":false,"fileMetaData":{"size":1278,"lastModifiedTime":1765956272927}}]},{"hashValue":"ae30d9c9f34daf067bc91b9d5a8ab278","name":"pages","path":"E:\\hamony\\MyApplication\\entry\\src\\main\\ets\\pages","type":"directory","isSymbolicLink":false,"children":[{"hashValue":"0ccf44be9c766cd257a363c38d9c3513","name":"Index.ets","path":"E:\\hamony\\MyApplication\\entry\\src\\main\\ets\\pages\\Index.ets","type":"file","isSymbolicLink":false,"fileMetaData":{"size":13702,"lastModifiedTime":1765959229876}}]}]},"E:\\hamony\\MyApplication\\entry\\build\\default\\intermediates\\loader_out\\default\\ets":{"hashValue":"32fdd3a5af67759621007f3398ab883a","name":"ets","path":"E:\\hamony\\MyApplication\\entry\\build\\default\\intermediates\\loader_out\\default\\ets","type":"directory","isSymbolicLink":false,"children":[{"hashValue":"ea3c8e73cfb9dafef9839c1958f65241","name":"modules.abc","path":"E:\\hamony\\MyApplication\\entry\\build\\default\\intermediates\\loader_out\\default\\ets\\modules.abc","type":"file","isSymbolicLink":false,"fileMetaData":{"size":74440,"lastModifiedTime":1765959270910}},{"hashValue":"48f8821499639493cf47e2d521792bff","name":"sourceMaps.map","path":"E:\\hamony\\MyApplication\\entry\\build\\default\\intermediates\\loader_out\\default\\ets\\sourceMaps.map","type":"file","isSymbolicLink":false,"fileMetaData":{"size":31893,"lastModifiedTime":1765959270876}},{"hashValue":"9d2bd81f631b5433a84cbe7c427f49e1","name":"widget","path":"E:\\hamony\\MyApplication\\entry\\build\\default\\intermediates\\loader_out\\default\\ets\\widget","type":"directory","isSymbolicLink":false,"children":[{"hashValue":"9bfb3b110d43a982edc76db371087a17","name":"component_collection.json","path":"E:\\hamony\\MyApplication\\entry\\build\\default\\intermediates\\loader_out\\default\\ets\\widget\\component_collection.json","type":"file","isSymbolicLink":false,"fileMetaData":{"size":164,"lastModifiedTime":1765959270300}}]},{"hashValue":"c3c5b29b749c944d352ce68e980016d1","name":"widgets.abc","path":"E:\\hamony\\MyApplication\\entry\\build\\default\\intermediates\\loader_out\\default\\ets\\widgets.abc","type":"file","isSymbolicLink":false,"fileMetaData":{"size":38400,"lastModifiedTime":1765959270344}}]},"E:\\hamony\\MyApplication\\entry\\build\\default\\intermediates\\package\\default\\module.json":{"hashValue":"1a344dcb747204fbadd16dc88c0b92fa","name":"module.json","path":"E:\\hamony\\MyApplication\\entry\\build\\default\\intermediates\\package\\default\\module.json","type":"file","isSymbolicLink":false,"fileMetaData":{"size":1908,"lastModifiedTime":1765958212652}},"E:\\hamony\\MyApplication\\entry\\build\\default\\intermediates\\res\\default\\resources":{"hashValue":"125ab56816f566874bbfdaf26615f339","name":"resources","path":"E:\\hamony\\MyApplication\\entry\\build\\default\\intermediates\\res\\default\\resources","type":"directory","isSymbolicLink":false,"children":[{"hashValue":"918339ed54c3e06341ba29f61ef0197c","name":"base","path":"E:\\hamony\\MyApplication\\entry\\build\\default\\intermediates\\res\\default\\resources\\base","type":"directory","isSymbolicLink":false,"children":[{"hashValue":"c64dae95ff6660d7ec66a610cd494162","name":"media","path":"E:\\hamony\\MyApplication\\entry\\build\\default\\intermediates\\res\\default\\resources\\base\\media","type":"directory","isSymbolicLink":false,"children":[{"hashValue":"fa97ff9e9011d72bf4dc4001054c04ad","name":"app_icon.png","path":"E:\\hamony\\MyApplication\\entry\\build\\default\\intermediates\\res\\default\\resources\\base\\media\\app_icon.png","type":"file","isSymbolicLink":false,"fileMetaData":{"size":2777,"lastModifiedTime":1765956042656}},{"hashValue":"67506cce4da4b442cd71485be1d4c5f6","name":"background.png","path":"E:\\hamony\\MyApplication\\entry\\build\\default\\intermediates\\res\\default\\resources\\base\\media\\background.png","type":"file","isSymbolicLink":false,"fileMetaData":{"size":57364,"lastModifiedTime":1765956042987}},{"hashValue":"8f305e408682cefeb9c33e66bac75ff0","name":"checked.png","path":"E:\\hamony\\MyApplication\\entry\\build\\default\\intermediates\\res\\default\\resources\\base\\media\\checked.png","type":"file","isSymbolicLink":false,"fileMetaData":{"size":8737,"lastModifiedTime":1765956273009}},{"hashValue":"b8bd2f30a3b35e7d5b9f8408676609ba","name":"equal.png","path":"E:\\hamony\\MyApplication\\entry\\build\\default\\intermediates\\res\\default\\resources\\base\\media\\equal.png","type":"file","isSymbolicLink":false,"fileMetaData":{"size":3205,"lastModifiedTime":1765956273016}},{"hashValue":"acc0ecb78990e5d619e5de5feca7da6a","name":"foreground.png","path":"E:\\hamony\\MyApplication\\entry\\build\\default\\intermediates\\res\\default\\resources\\base\\media\\foreground.png","type":"file","isSymbolicLink":false,"fileMetaData":{"size":12430,"lastModifiedTime":1765956042993}},{"hashValue":"cefb64e1cc3a8cfb331f20b3b274725e","name":"ic_back.png","path":"E:\\hamony\\MyApplication\\entry\\build\\default\\intermediates\\res\\default\\resources\\base\\media\\ic_back.png","type":"file","isSymbolicLink":false,"fileMetaData":{"size":1274,"lastModifiedTime":1765956273016}},{"hashValue":"25c6656a037e5b4c1791c7931a1335cb","name":"ic_cal_delete_c.svg","path":"E:\\hamony\\MyApplication\\entry\\build\\default\\intermediates\\res\\default\\resources\\base\\media\\ic_cal_delete_c.svg","type":"file","isSymbolicLink":false,"fileMetaData":{"size":1993,"lastModifiedTime":1765956273023}},{"hashValue":"64f005799fd57be8a0acced2d6b5c70f","name":"ic_cal_delete.svg","path":"E:\\hamony\\MyApplication\\entry\\build\\default\\intermediates\\res\\default\\resources\\base\\media\\ic_cal_delete.svg","type":"file","isSymbolicLink":false,"fileMetaData":{"size":2432,"lastModifiedTime":1765956273021}},{"hashValue":"ac785b6d9b51abc55c71d2d08edf14c7","name":"ic_cal_division.svg","path":"E:\\hamony\\MyApplication\\entry\\build\\default\\intermediates\\res\\default\\resources\\base\\media\\ic_cal_division.svg","type":"file","isSymbolicLink":false,"fileMetaData":{"size":1494,"lastModifiedTime":1765956273027}},{"hashValue":"d64ed9cf2d1e46a74bb9cb4460c2456c","name":"ic_cal_eight.svg","path":"E:\\hamony\\MyApplication\\entry\\build\\default\\intermediates\\res\\default\\resources\\base\\media\\ic_cal_eight.svg","type":"file","isSymbolicLink":false,"fileMetaData":{"size":3093,"lastModifiedTime":1765956273029}},{"hashValue":"b56874cdbe979777973a7f1a15c2caee","name":"ic_cal_equal.svg","path":"E:\\hamony\\MyApplication\\entry\\build\\default\\intermediates\\res\\default\\resources\\base\\media\\ic_cal_equal.svg","type":"file","isSymbolicLink":false,"fileMetaData":{"size":1895,"lastModifiedTime":1765956273029}},{"hashValue":"a0040928fc3027379aaef7b2d7d4ff46","name":"ic_cal_five.svg","path":"E:\\hamony\\MyApplication\\entry\\build\\default\\intermediates\\res\\default\\resources\\base\\media\\ic_cal_five.svg","type":"file","isSymbolicLink":false,"fileMetaData":{"size":2015,"lastModifiedTime":1765956273037}},{"hashValue":"df67e95a0d895b15be007a3f5e6293fd","name":"ic_cal_four.svg","path":"E:\\hamony\\MyApplication\\entry\\build\\default\\intermediates\\res\\default\\resources\\base\\media\\ic_cal_four.svg","type":"file","isSymbolicLink":false,"fileMetaData":{"size":1027,"lastModifiedTime":1765956273038}},{"hashValue":"5a86105980ae038cbfb9506deea79d9f","name":"ic_cal_minus.svg","path":"E:\\hamony\\MyApplication\\entry\\build\\default\\intermediates\\res\\default\\resources\\base\\media\\ic_cal_minus.svg","type":"file","isSymbolicLink":false,"fileMetaData":{"size":760,"lastModifiedTime":1765956273041}},{"hashValue":"7044866592bf60b9836df7adcf2ef1fd","name":"ic_cal_multiply.svg","path":"E:\\hamony\\MyApplication\\entry\\build\\default\\intermediates\\res\\default\\resources\\base\\media\\ic_cal_multiply.svg","type":"file","isSymbolicLink":false,"fileMetaData":{"size":1563,"lastModifiedTime":1765956273043}},{"hashValue":"c4374b6ce3f227ca2a1192ace6583d31","name":"ic_cal_nine.svg","path":"E:\\hamony\\MyApplication\\entry\\build\\default\\intermediates\\res\\default\\resources\\base\\media\\ic_cal_nine.svg","type":"file","isSymbolicLink":false,"fileMetaData":{"size":2267,"lastModifiedTime":1765956273047}},{"hashValue":"468717d9ad5dc19918cd2d6d1eebf3e2","name":"ic_cal_one.svg","path":"E:\\hamony\\MyApplication\\entry\\build\\default\\intermediates\\res\\default\\resources\\base\\media\\ic_cal_one.svg","type":"file","isSymbolicLink":false,"fileMetaData":{"size":812,"lastModifiedTime":1765956273049}},{"hashValue":"59ef7aa24cae8ec3b24aca84ebf3b7d8","name":"ic_cal_percent.svg","path":"E:\\hamony\\MyApplication\\entry\\build\\default\\intermediates\\res\\default\\resources\\base\\media\\ic_cal_percent.svg","type":"file","isSymbolicLink":false,"fileMetaData":{"size":3518,"lastModifiedTime":1765956273055}},{"hashValue":"36f49438a5625da42db094cf185703f5","name":"ic_cal_plus.svg","path":"E:\\hamony\\MyApplication\\entry\\build\\default\\intermediates\\res\\default\\resources\\base\\media\\ic_cal_plus.svg","type":"file","isSymbolicLink":false,"fileMetaData":{"size":1360,"lastModifiedTime":1765956273059}},{"hashValue":"90cc22a45fbfec53bec974fa0302cb81","name":"ic_cal_point.svg","path":"E:\\hamony\\MyApplication\\entry\\build\\default\\intermediates\\res\\default\\resources\\base\\media\\ic_cal_point.svg","type":"file","isSymbolicLink":false,"fileMetaData":{"size":1183,"lastModifiedTime":1765956273062}},{"hashValue":"0966e3dcbd4f1de20c03d043ee9837d8","name":"ic_cal_seven.svg","path":"E:\\hamony\\MyApplication\\entry\\build\\default\\intermediates\\res\\default\\resources\\base\\media\\ic_cal_seven.svg","type":"file","isSymbolicLink":false,"fileMetaData":{"size":845,"lastModifiedTime":1765956273064}},{"hashValue":"80b9c929370ab27e8ef68a8a50f50d23","name":"ic_cal_six.svg","path":"E:\\hamony\\MyApplication\\entry\\build\\default\\intermediates\\res\\default\\resources\\base\\media\\ic_cal_six.svg","type":"file","isSymbolicLink":false,"fileMetaData":{"size":2182,"lastModifiedTime":1765956273067}},{"hashValue":"d870b97660e1acf75037de451c313d51","name":"ic_cal_three.svg","path":"E:\\hamony\\MyApplication\\entry\\build\\default\\intermediates\\res\\default\\resources\\base\\media\\ic_cal_three.svg","type":"file","isSymbolicLink":false,"fileMetaData":{"size":2456,"lastModifiedTime":1765956273069}},{"hashValue":"51ac6ef3e4da3a3bb34ab6688e194cdf","name":"ic_cal_two.svg","path":"E:\\hamony\\MyApplication\\entry\\build\\default\\intermediates\\res\\default\\resources\\base\\media\\ic_cal_two.svg","type":"file","isSymbolicLink":false,"fileMetaData":{"size":1741,"lastModifiedTime":1765956273073}},{"hashValue":"6bea84322ca9fee3c22b131e65734d00","name":"ic_cal_zero.svg","path":"E:\\hamony\\MyApplication\\entry\\build\\default\\intermediates\\res\\default\\resources\\base\\media\\ic_cal_zero.svg","type":"file","isSymbolicLink":false,"fileMetaData":{"size":2126,"lastModifiedTime":1765956273075}},{"hashValue":"86ccfff4f86ad236dd5e2277dc20db4d","name":"ic_hop_normal.png","path":"E:\\hamony\\MyApplication\\entry\\build\\default\\intermediates\\res\\default\\resources\\base\\media\\ic_hop_normal.png","type":"file","isSymbolicLink":false,"fileMetaData":{"size":550,"lastModifiedTime":1765956273082}},{"hashValue":"32642902feb35a039df881a100a2ef5f","name":"ic_hop.svg","path":"E:\\hamony\\MyApplication\\entry\\build\\default\\intermediates\\res\\default\\resources\\base\\media\\ic_hop.svg","type":"file","isSymbolicLink":false,"fileMetaData":{"size":4465,"lastModifiedTime":1765956273079}},{"hashValue":"841c5b23d868ce352da82cdfede433eb","name":"icon.png","path":"E:\\hamony\\MyApplication\\entry\\build\\default\\intermediates\\res\\default\\resources\\base\\media\\icon.png","type":"file","isSymbolicLink":false,"fileMetaData":{"size":24257,"lastModifiedTime":1765956273085}},{"hashValue":"25108df22a8dcdc72ebe99468f97a34e","name":"layered_image.json","path":"E:\\hamony\\MyApplication\\entry\\build\\default\\intermediates\\res\\default\\resources\\base\\media\\layered_image.json","type":"file","isSymbolicLink":false,"fileMetaData":{"size":95,"lastModifiedTime":1765958212650}},{"hashValue":"bfa1f8eb40579713f27424af9108cd98","name":"startIcon.png","path":"E:\\hamony\\MyApplication\\entry\\build\\default\\intermediates\\res\\default\\resources\\base\\media\\startIcon.png","type":"file","isSymbolicLink":false,"fileMetaData":{"size":20093,"lastModifiedTime":1765956043006}},{"hashValue":"df6046d84c7b21be7d67a27f19470310","name":"uncheck.png","path":"E:\\hamony\\MyApplication\\entry\\build\\default\\intermediates\\res\\default\\resources\\base\\media\\uncheck.png","type":"file","isSymbolicLink":false,"fileMetaData":{"size":6290,"lastModifiedTime":1765956273088}}]},{"hashValue":"6c9fa0738d6e65b435f4047a5c8f31ec","name":"profile","path":"E:\\hamony\\MyApplication\\entry\\build\\default\\intermediates\\res\\default\\resources\\base\\profile","type":"directory","isSymbolicLink":false,"children":[{"hashValue":"7785f41a431a8671478bde6538e5ab8e","name":"backup_config.json","path":"E:\\hamony\\MyApplication\\entry\\build\\default\\intermediates\\res\\default\\resources\\base\\profile\\backup_config.json","type":"file","isSymbolicLink":false,"fileMetaData":{"size":36,"lastModifiedTime":1765956043062}},{"hashValue":"db9a81a3a1b513a9098ff993d4a0e504","name":"form_config.json","path":"E:\\hamony\\MyApplication\\entry\\build\\default\\intermediates\\res\\default\\resources\\base\\profile\\form_config.json","type":"file","isSymbolicLink":false,"fileMetaData":{"size":495,"lastModifiedTime":1765956273101}},{"hashValue":"901e984bdb92d4405c4e7fa84dd13ad0","name":"main_pages.json","path":"E:\\hamony\\MyApplication\\entry\\build\\default\\intermediates\\res\\default\\resources\\base\\profile\\main_pages.json","type":"file","isSymbolicLink":false,"fileMetaData":{"size":37,"lastModifiedTime":1765956291380}}]}]},{"hashValue":"","name":"rawfile","path":"E:\\hamony\\MyApplication\\entry\\build\\default\\intermediates\\res\\default\\resources\\rawfile","type":"directory","isSymbolicLink":false,"children":[]}]},"E:\\hamony\\MyApplication\\entry\\build\\default\\intermediates\\res\\default\\resources.index":{"hashValue":"91dd2e2e80c74b655549f4c19f2638f1","name":"resources.index","path":"E:\\hamony\\MyApplication\\entry\\build\\default\\intermediates\\res\\default\\resources.index","type":"file","isSymbolicLink":false,"fileMetaData":{"size":3966,"lastModifiedTime":1765958212653}},"E:\\hamony\\MyApplication\\entry\\build\\default\\outputs\\default\\entry-default-unsigned.hap":{"hashValue":"79c9dde59e5f1ae12df3974bde89c6c0","name":"entry-default-unsigned.hap","path":"E:\\hamony\\MyApplication\\entry\\build\\default\\outputs\\default\\entry-default-unsigned.hap","type":"file","isSymbolicLink":false,"fileMetaData":{"size":391415,"lastModifiedTime":1765959271391}},"E:\\hamony\\MyApplication\\entry\\build\\default\\outputs\\default\\mapping\\sourceMaps.map":{"hashValue":"48f8821499639493cf47e2d521792bff","name":"sourceMaps.map","path":"E:\\hamony\\MyApplication\\entry\\build\\default\\outputs\\default\\mapping\\sourceMaps.map","type":"file","isSymbolicLink":false,"fileMetaData":{"size":31893,"lastModifiedTime":1765959270876}},"E:\\hamony\\SDK\\12\\toolchains\\syscap_tool.exe":{"hashValue":"240cf21edce30c52d84468fef7e33dd5","name":"syscap_tool.exe","path":"E:\\hamony\\SDK\\12\\toolchains\\syscap_tool.exe","type":"file","isSymbolicLink":false,"fileMetaData":{"size":345088,"lastModifiedTime":978278400000}},"E:\\hamony\\SDK\\12\\ets\\api\\device-define":{"hashValue":"37fb4c41684b586d98dc402ac41880af","name":"device-define","path":"E:\\hamony\\SDK\\12\\ets\\api\\device-define","type":"directory","isSymbolicLink":false,"children":[{"hashValue":"94ad1907ff560d724c64636e509a08a4","name":"default.json","path":"E:\\hamony\\SDK\\12\\ets\\api\\device-define\\default.json","type":"file","isSymbolicLink":false,"fileMetaData":{"size":12253,"lastModifiedTime":978278400000}},{"hashValue":"01fa3c301816f261642b80eb29dd958a","name":"liteWearable.json","path":"E:\\hamony\\SDK\\12\\ets\\api\\device-define\\liteWearable.json","type":"file","isSymbolicLink":false,"fileMetaData":{"size":883,"lastModifiedTime":978278400000}},{"hashValue":"2ce2f1f94e21d82d7819f70faaf6bac9","name":"tablet.json","path":"E:\\hamony\\SDK\\12\\ets\\api\\device-define\\tablet.json","type":"file","isSymbolicLink":false,"fileMetaData":{"size":11820,"lastModifiedTime":978278400000}}]},"E:\\hamony\\MyApplication\\entry\\build\\default\\intermediates\\syscap\\default\\rpcid.sc":{"hashValue":"33da0ea10a0de7a465a0a968efa4395a","name":"rpcid.sc","path":"E:\\hamony\\MyApplication\\entry\\build\\default\\intermediates\\syscap\\default\\rpcid.sc","type":"file","isSymbolicLink":false,"fileMetaData":{"size":57094,"lastModifiedTime":1765958213053}},"C:/Users/86152/.ohos/config/openharmony/default_MyApplication_xd5KoGBMVBicExir2ocwHyg_8LjZoopW3vPx4XercKU=.cer":{"hashValue":"7be61a9f471e3f277f68025a29460a1e","name":"default_MyApplication_xd5KoGBMVBicExir2ocwHyg_8LjZoopW3vPx4XercKU=.cer","path":"C:/Users/86152/.ohos/config/openharmony/default_MyApplication_xd5KoGBMVBicExir2ocwHyg_8LjZoopW3vPx4XercKU=.cer","type":"file","isSymbolicLink":false,"fileMetaData":{"size":1702,"lastModifiedTime":1765958183111}},"C:/Users/86152/.ohos/config/openharmony/default_MyApplication_xd5KoGBMVBicExir2ocwHyg_8LjZoopW3vPx4XercKU=.p7b":{"hashValue":"a2a2d059b7aee1a95cec7226ee69af0a","name":"default_MyApplication_xd5KoGBMVBicExir2ocwHyg_8LjZoopW3vPx4XercKU=.p7b","path":"C:/Users/86152/.ohos/config/openharmony/default_MyApplication_xd5KoGBMVBicExir2ocwHyg_8LjZoopW3vPx4XercKU=.p7b","type":"file","isSymbolicLink":false,"fileMetaData":{"size":3431,"lastModifiedTime":1765958184308}},"C:/Users/86152/.ohos/config/openharmony/default_MyApplication_xd5KoGBMVBicExir2ocwHyg_8LjZoopW3vPx4XercKU=.p12":{"hashValue":"d57b887a95f99881fd67c460de9bd053","name":"default_MyApplication_xd5KoGBMVBicExir2ocwHyg_8LjZoopW3vPx4XercKU=.p12","path":"C:/Users/86152/.ohos/config/openharmony/default_MyApplication_xd5KoGBMVBicExir2ocwHyg_8LjZoopW3vPx4XercKU=.p12","type":"file","isSymbolicLink":false,"fileMetaData":{"size":1128,"lastModifiedTime":1765958181972}},"E:\\hamony\\MyApplication\\entry\\build\\default\\outputs\\default\\entry-default-signed.hap":{"hashValue":"16015a549ae879e7c12b25e78ff9f8c7","name":"entry-default-signed.hap","path":"E:\\hamony\\MyApplication\\entry\\build\\default\\outputs\\default\\entry-default-signed.hap","type":"file","isSymbolicLink":false,"fileMetaData":{"size":425681,"lastModifiedTime":1765959271659}},"E:\\hamony\\MyApplication\\build\\cache\\default\\integrated_hsp\\integratedHspCache.json":{"hashValue":"","name":"emptyroot","path":"","type":"unknown","isSymbolicLink":false,"children":[]},"E:\\hamony\\MyApplication\\entry\\build\\default\\intermediates\\loader_out\\default\\js":{"hashValue":"","name":"emptyroot","path":"","type":"unknown","isSymbolicLink":false,"children":[]}}